response_id,exercise,cycle_phase,coaching_label,min_reps,max_reps,min_form_score,max_form_score,fatigue_level,performance_trend,symmetry_condition,response_type,response_text
R0001,bicep curl,menstrual,reduce_intensity,0,8,0,84,high,declining,any,main_plus_cycle,"This session suggests the exercise may have been too demanding today. Keep the {exercise} lighter and prioritise avoid swinging. As you selected the menstrual phase, the lower rep count may reflect reduced energy or discomfort today. Keep the load lighter, rest longer between sets, hydrate well, and consider iron-rich foods such as leafy greens, beans, lentils, red meat, or fortified cereal."
R0002,bicep curl,menstrual,reduce_intensity,0,8,0,84,high,declining,any,main_plus_cycle,"This session suggests the exercise may have been too demanding today. Keep the {exercise} lighter and prioritise balanced arm movement. Because this session is in the menstrual phase, prioritise comfort over intensity. If {reps} reps felt harder than usual, use controlled movement, avoid pushing to failure, and support recovery with fluids and iron-rich meals."
R0003,bicep curl,menstrual,focus_control,0,50,55,89,low,improving,any,main_plus_cycle,"Focus on technique over speed next time. Keep each rep smooth and avoid rushing the movement. During menstruation, energy can fluctuate. Since you completed {reps} reps, treat this as a maintenance session: reduce pressure, keep technique clean, rest properly, and focus on iron, protein, and hydration after training."
R0004,bicep curl,menstrual,focus_control,0,50,55,89,medium,declining,any,main_plus_cycle,"Focus on technique over speed next time. Keep each rep smooth and avoid rushing the movement. Because this session is in the menstrual phase, prioritise comfort over intensity. If {reps} reps felt harder than usual, use controlled movement, avoid pushing to failure, and support recovery with fluids and iron-rich meals."
R0005,bicep curl,menstrual,maintain_quality,7,50,80,100,high,stable,any,main_plus_cycle,"Your form score was strong, so maintain this quality and keep the same controlled rhythm next session. During menstruation, energy can fluctuate. Since you completed {reps} reps, treat this as a maintenance session: reduce pressure, keep technique clean, rest properly, and focus on iron, protein, and hydration after training."
R0006,bicep curl,menstrual,maintain_quality,7,50,80,100,medium,stable,any,main_plus_cycle,"Good session. The priority now is keeping the same standard across more reps without losing control. During menstruation, energy can fluctuate. Since you completed {reps} reps, treat this as a maintenance session: reduce pressure, keep technique clean, rest properly, and focus on iron, protein, and hydration after training."
R0007,bicep curl,menstrual,increase_challenge,7,50,80,100,low,declining,any,main_plus_cycle,"This was a strong performance. Consider slightly increasing reps or resistance if recovery feels good. Your menstrual-phase feedback should be recovery-led today. If cramps, fatigue, or heaviness affected your {exercise}, lower the intensity and choose steady reps rather than forcing progression."
R0008,bicep curl,menstrual,increase_challenge,7,50,80,100,medium,stable,any,main_plus_cycle,"Your session suggests you may be ready to progress. Add difficulty gradually while keeping avoid swinging stable. During menstruation, energy can fluctuate. Since you completed {reps} reps, treat this as a maintenance session: reduce pressure, keep technique clean, rest properly, and focus on iron, protein, and hydration after training."
R0009,bicep curl,menstrual,prioritise_recovery,0,8,0,84,high,declining,any,main_plus_cycle,"Because fatigue appears elevated, keep the next session lighter and focus on feeling recovered. During menstruation, energy can fluctuate. Since you completed {reps} reps, treat this as a maintenance session: reduce pressure, keep technique clean, rest properly, and focus on iron, protein, and hydration after training."
R0010,bicep curl,menstrual,prioritise_recovery,0,8,0,84,high,declining,any,main_plus_cycle,"Today looks more like a maintenance session. Rest, hydrate, and avoid pushing extra volume. During menstruation, energy can fluctuate. Since you completed {reps} reps, treat this as a maintenance session: reduce pressure, keep technique clean, rest properly, and focus on iron, protein, and hydration after training."
R0011,bicep curl,menstrual,improve_symmetry,0,50,0,100,any,any,high_diff,main_plus_cycle,"For your next {exercise}, prioritise balanced movement rather than increasing reps. During menstruation, energy can fluctuate. Since you completed {reps} reps, treat this as a maintenance session: reduce pressure, keep technique clean, rest properly, and focus on iron, protein, and hydration after training."
R0012,bicep curl,menstrual,improve_symmetry,0,50,0,100,any,stable,high_diff,main_plus_cycle,"Your symmetry difference suggests one side may be working harder than the other. Slow down and match both sides evenly. During menstruation, energy can fluctuate. Since you completed {reps} reps, treat this as a maintenance session: reduce pressure, keep technique clean, rest properly, and focus on iron, protein, and hydration after training."
R0013,bicep curl,menstrual,improve_range_of_motion,0,50,55,89,low,improving,any,main_plus_cycle,"Your joint angle range suggests the movement may be slightly restricted. Focus on a comfortable full range of motion. Your menstrual-phase feedback should be recovery-led today. If cramps, fatigue, or heaviness affected your {exercise}, lower the intensity and choose steady reps rather than forcing progression."
R0014,bicep curl,menstrual,improve_range_of_motion,0,50,55,89,any,declining,any,main_plus_cycle,"Your joint angle range suggests the movement may be slightly restricted. Focus on a comfortable full range of motion. Because this session is in the menstrual phase, prioritise comfort over intensity. If {reps} reps felt harder than usual, use controlled movement, avoid pushing to failure, and support recovery with fluids and iron-rich meals."
R0015,bicep curl,menstrual,progress_gradually,7,50,80,100,any,stable,any,main_plus_cycle,"This is a good base to progress from, as long as your form and recovery stay consistent. Your menstrual-phase feedback should be recovery-led today. If cramps, fatigue, or heaviness affected your {exercise}, lower the intensity and choose steady reps rather than forcing progression."
R0016,bicep curl,menstrual,progress_gradually,7,50,80,100,medium,declining,any,main_plus_cycle,"Build gradually from this session. Add reps or resistance slowly rather than jumping too quickly. During menstruation, energy can fluctuate. Since you completed {reps} reps, treat this as a maintenance session: reduce pressure, keep technique clean, rest properly, and focus on iron, protein, and hydration after training."
R0017,bicep curl,follicular,reduce_intensity,0,8,0,84,high,declining,any,main_plus_cycle,"You only completed {reps} reps and your form score was {form_score}, so reduce intensity and focus on controlled, safe movement. In the follicular phase, some users feel energy gradually returning. With {reps} reps completed, this may be a good time to rebuild consistency, but only increase difficulty if your form remains controlled."
R0018,bicep curl,follicular,reduce_intensity,0,8,0,84,high,declining,any,main_plus_cycle,"Your performance data points towards lowering the challenge for now. Aim for cleaner reps before increasing weight or volume. Because this is the follicular phase, you may be able to progress gradually. If the movement felt comfortable, add a small challenge next time while keeping avoid swinging as the priority."
R0019,bicep curl,follicular,focus_control,0,50,55,89,high,stable,any,main_plus_cycle,"Focus on technique over speed next time. Keep each rep smooth and avoid rushing the movement. This phase may support training progression, but your form data should still lead the decision. Keep elbow control clean before adding more reps or weight."
R0020,bicep curl,follicular,focus_control,0,50,55,89,low,declining,any,main_plus_cycle,"Your form was not poor, but it needs more consistency. Slow the movement down and reset between reps. In the follicular phase, some users feel energy gradually returning. With {reps} reps completed, this may be a good time to rebuild consistency, but only increase difficulty if your form remains controlled."
R0021,bicep curl,follicular,maintain_quality,7,50,80,100,high,improving,any,main_plus_cycle,Good session. The priority now is keeping the same standard across more reps without losing control. Your follicular-phase session can focus on building momentum. Use today’s {reps} reps as a baseline and slowly increase volume or resistance if recovery feels good.
R0022,bicep curl,follicular,maintain_quality,7,50,80,100,medium,any,any,main_plus_cycle,"Your technique looked consistent. Keep using this as your baseline before adding more challenge. In the follicular phase, some users feel energy gradually returning. With {reps} reps completed, this may be a good time to rebuild consistency, but only increase difficulty if your form remains controlled."
R0023,bicep curl,follicular,increase_challenge,7,50,80,100,medium,any,any,main_plus_cycle,"Your session suggests you may be ready to progress. Add difficulty gradually while keeping controlled lowering stable. Because this is the follicular phase, you may be able to progress gradually. If the movement felt comfortable, add a small challenge next time while keeping controlled lowering as the priority."
R0024,bicep curl,follicular,increase_challenge,7,50,80,100,any,stable,any,main_plus_cycle,"Your session suggests you may be ready to progress. Add difficulty gradually while keeping controlled lowering stable. In the follicular phase, some users feel energy gradually returning. With {reps} reps completed, this may be a good time to rebuild consistency, but only increase difficulty if your form remains controlled."
R0025,bicep curl,follicular,prioritise_recovery,0,8,0,84,low,declining,any,main_plus_cycle,"Today looks more like a maintenance session. Rest, hydrate, and avoid pushing extra volume. Because this is the follicular phase, you may be able to progress gradually. If the movement felt comfortable, add a small challenge next time while keeping controlled lowering as the priority."
R0026,bicep curl,follicular,prioritise_recovery,0,8,0,84,high,declining,any,main_plus_cycle,"Today looks more like a maintenance session. Rest, hydrate, and avoid pushing extra volume. In the follicular phase, some users feel energy gradually returning. With {reps} reps completed, this may be a good time to rebuild consistency, but only increase difficulty if your form remains controlled."
R0027,bicep curl,follicular,improve_symmetry,0,50,0,100,medium,any,high_diff,main_plus_cycle,"Your symmetry difference suggests one side may be working harder than the other. Slow down and match both sides evenly. In the follicular phase, some users feel energy gradually returning. With {reps} reps completed, this may be a good time to rebuild consistency, but only increase difficulty if your form remains controlled."
R0028,bicep curl,follicular,improve_symmetry,0,50,0,100,low,improving,high_diff,main_plus_cycle,"For your next {exercise}, prioritise balanced movement rather than increasing reps. Because this is the follicular phase, you may be able to progress gradually. If the movement felt comfortable, add a small challenge next time while keeping elbow control as the priority."
R0029,bicep curl,follicular,improve_range_of_motion,0,50,55,89,low,any,any,main_plus_cycle,"Range of motion should be the main focus next time. Use lighter intensity if needed to move cleanly. Because this is the follicular phase, you may be able to progress gradually. If the movement felt comfortable, add a small challenge next time while keeping avoid swinging as the priority."
R0030,bicep curl,follicular,improve_range_of_motion,0,50,55,89,low,improving,any,main_plus_cycle,Range of motion should be the main focus next time. Use lighter intensity if needed to move cleanly. Your follicular-phase session can focus on building momentum. Use today’s {reps} reps as a baseline and slowly increase volume or resistance if recovery feels good.
R0031,bicep curl,follicular,progress_gradually,7,50,80,100,medium,any,any,main_plus_cycle,"You are showing signs of progress, but keep increases small and controlled. Because this is the follicular phase, you may be able to progress gradually. If the movement felt comfortable, add a small challenge next time while keeping balanced arm movement as the priority."
R0032,bicep curl,follicular,progress_gradually,7,50,80,100,any,any,any,main_plus_cycle,"You are showing signs of progress, but keep increases small and controlled. Because this is the follicular phase, you may be able to progress gradually. If the movement felt comfortable, add a small challenge next time while keeping balanced arm movement as the priority."
R0033,bicep curl,ovulatory,reduce_intensity,0,8,0,84,any,declining,any,main_plus_cycle,"You only completed {reps} reps and your form score was {form_score}, so reduce intensity and focus on controlled, safe movement. If you feel strong in the ovulatory phase, progression can be appropriate. However, the priority is still safe technique, balanced movement, and controlled reps."
R0034,bicep curl,ovulatory,reduce_intensity,0,8,0,84,any,declining,any,main_plus_cycle,"You only completed {reps} reps and your form score was {form_score}, so reduce intensity and focus on controlled, safe movement. During the ovulatory phase, energy may feel higher. Since you completed {reps} reps, you could consider a small progression next time, but avoid sacrificing avoid swinging."
R0035,bicep curl,ovulatory,focus_control,0,50,55,89,high,declining,any,main_plus_cycle,"Your {exercise} would benefit from slower reps and better control, especially around elbow control. Your ovulatory-phase feedback suggests this could be a stronger training window. If your joints feel stable and form stays high, gradually increase challenge rather than making a large jump."
R0036,bicep curl,ovulatory,focus_control,0,50,55,89,any,declining,any,main_plus_cycle,"Your {exercise} would benefit from slower reps and better control, especially around avoid swinging. Because this phase can coincide with higher energy for some users, use the session to push carefully. Keep movement quality high and avoid rushing the {exercise}."
R0037,bicep curl,ovulatory,maintain_quality,7,50,80,100,high,improving,any,main_plus_cycle,"Your technique looked consistent. Keep using this as your baseline before adding more challenge. If you feel strong in the ovulatory phase, progression can be appropriate. However, the priority is still safe technique, balanced movement, and controlled reps."
R0038,bicep curl,ovulatory,maintain_quality,7,50,80,100,any,any,any,main_plus_cycle,"Your form score was strong, so maintain this quality and keep the same controlled rhythm next session. If you feel strong in the ovulatory phase, progression can be appropriate. However, the priority is still safe technique, balanced movement, and controlled reps."
R0039,bicep curl,ovulatory,increase_challenge,7,50,80,100,medium,declining,any,main_plus_cycle,"Your session suggests you may be ready to progress. Add difficulty gradually while keeping avoid swinging stable. If you feel strong in the ovulatory phase, progression can be appropriate. However, the priority is still safe technique, balanced movement, and controlled reps."
R0040,bicep curl,ovulatory,increase_challenge,7,50,80,100,any,stable,any,main_plus_cycle,"This was a strong performance. Consider slightly increasing reps or resistance if recovery feels good. Because this phase can coincide with higher energy for some users, use the session to push carefully. Keep movement quality high and avoid rushing the {exercise}."
R0041,bicep curl,ovulatory,prioritise_recovery,0,8,0,84,any,declining,any,main_plus_cycle,"Today looks more like a maintenance session. Rest, hydrate, and avoid pushing extra volume. During the ovulatory phase, energy may feel higher. Since you completed {reps} reps, you could consider a small progression next time, but avoid sacrificing controlled lowering."
R0042,bicep curl,ovulatory,prioritise_recovery,0,8,0,84,medium,declining,any,main_plus_cycle,"Your fatigue level suggests recovery should be the main focus after this session. If you feel strong in the ovulatory phase, progression can be appropriate. However, the priority is still safe technique, balanced movement, and controlled reps."
R0043,bicep curl,ovulatory,improve_symmetry,0,50,0,100,high,improving,high_diff,main_plus_cycle,"Your symmetry difference suggests one side may be working harder than the other. Slow down and match both sides evenly. If you feel strong in the ovulatory phase, progression can be appropriate. However, the priority is still safe technique, balanced movement, and controlled reps."
R0044,bicep curl,ovulatory,improve_symmetry,0,50,0,100,any,any,high_diff,main_plus_cycle,"Your symmetry difference suggests one side may be working harder than the other. Slow down and match both sides evenly. During the ovulatory phase, energy may feel higher. Since you completed {reps} reps, you could consider a small progression next time, but avoid sacrificing balanced arm movement."
R0045,bicep curl,ovulatory,improve_range_of_motion,0,50,55,89,medium,improving,any,main_plus_cycle,"Range of motion should be the main focus next time. Use lighter intensity if needed to move cleanly. Because this phase can coincide with higher energy for some users, use the session to push carefully. Keep movement quality high and avoid rushing the {exercise}."
R0046,bicep curl,ovulatory,improve_range_of_motion,0,50,55,89,any,any,any,main_plus_cycle,"Your joint angle range suggests the movement may be slightly restricted. Focus on a comfortable full range of motion. During the ovulatory phase, energy may feel higher. Since you completed {reps} reps, you could consider a small progression next time, but avoid sacrificing elbow control."
R0047,bicep curl,ovulatory,progress_gradually,7,50,80,100,medium,declining,any,main_plus_cycle,"This is a good base to progress from, as long as your form and recovery stay consistent. If you feel strong in the ovulatory phase, progression can be appropriate. However, the priority is still safe technique, balanced movement, and controlled reps."
R0048,bicep curl,ovulatory,progress_gradually,7,50,80,100,low,improving,any,main_plus_cycle,"You are showing signs of progress, but keep increases small and controlled. During the ovulatory phase, energy may feel higher. Since you completed {reps} reps, you could consider a small progression next time, but avoid sacrificing balanced arm movement."
R0049,bicep curl,luteal,reduce_intensity,0,8,0,84,high,declining,any,main_plus_cycle,"Your performance data points towards lowering the challenge for now. Aim for cleaner reps before increasing weight or volume. Your luteal-phase feedback should be supportive rather than pushy. Keep the {exercise} manageable, rest longer if needed, and focus on maintaining form quality."
R0050,bicep curl,luteal,reduce_intensity,0,8,0,84,high,declining,any,main_plus_cycle,"You only completed {reps} reps and your form score was {form_score}, so reduce intensity and focus on controlled, safe movement. Your luteal-phase feedback should be supportive rather than pushy. Keep the {exercise} manageable, rest longer if needed, and focus on maintaining form quality."
R0051,bicep curl,luteal,focus_control,0,50,55,89,low,declining,any,main_plus_cycle,"Focus on technique over speed next time. Keep each rep smooth and avoid rushing the movement. In the luteal phase, fatigue, mood, and recovery needs may increase for some users. If {reps} reps felt difficult, reduce intensity slightly, increase rest, and focus on steady technique."
R0052,bicep curl,luteal,focus_control,0,50,55,89,any,any,any,main_plus_cycle,"Your {exercise} would benefit from slower reps and better control, especially around elbow control. Your luteal-phase feedback should be supportive rather than pushy. Keep the {exercise} manageable, rest longer if needed, and focus on maintaining form quality."
R0053,bicep curl,luteal,maintain_quality,7,50,80,100,medium,any,any,main_plus_cycle,"Good session. The priority now is keeping the same standard across more reps without losing control. In the luteal phase, fatigue, mood, and recovery needs may increase for some users. If {reps} reps felt difficult, reduce intensity slightly, increase rest, and focus on steady technique."
R0054,bicep curl,luteal,maintain_quality,7,50,80,100,low,declining,any,main_plus_cycle,"Your technique looked consistent. Keep using this as your baseline before adding more challenge. If bloating, tiredness, or low motivation affected today’s workout, adjust the session rather than forcing intensity. A lighter session with good control is still useful progress."
R0055,bicep curl,luteal,increase_challenge,7,50,80,100,any,improving,any,main_plus_cycle,"This was a strong performance. Consider slightly increasing reps or resistance if recovery feels good. Because this session is in the luteal phase, performance dips can be normal. Prioritise consistency, hydration, protein, and slower controlled reps rather than chasing a personal best."
R0056,bicep curl,luteal,increase_challenge,7,50,80,100,any,any,any,main_plus_cycle,"You completed {reps} reps with strong form, so a small increase in challenge may be appropriate next time. Because this session is in the luteal phase, performance dips can be normal. Prioritise consistency, hydration, protein, and slower controlled reps rather than chasing a personal best."
R0057,bicep curl,luteal,prioritise_recovery,0,8,0,84,high,declining,any,main_plus_cycle,"Your fatigue level suggests recovery should be the main focus after this session. Because this session is in the luteal phase, performance dips can be normal. Prioritise consistency, hydration, protein, and slower controlled reps rather than chasing a personal best."
R0058,bicep curl,luteal,prioritise_recovery,0,8,0,84,high,declining,any,main_plus_cycle,"Today looks more like a maintenance session. Rest, hydrate, and avoid pushing extra volume. If bloating, tiredness, or low motivation affected today’s workout, adjust the session rather than forcing intensity. A lighter session with good control is still useful progress."
R0059,bicep curl,luteal,improve_symmetry,0,50,0,100,high,improving,high_diff,main_plus_cycle,"For your next {exercise}, prioritise balanced movement rather than increasing reps. Because this session is in the luteal phase, performance dips can be normal. Prioritise consistency, hydration, protein, and slower controlled reps rather than chasing a personal best."
R0060,bicep curl,luteal,improve_symmetry,0,50,0,100,high,improving,high_diff,main_plus_cycle,"For your next {exercise}, prioritise balanced movement rather than increasing reps. In the luteal phase, fatigue, mood, and recovery needs may increase for some users. If {reps} reps felt difficult, reduce intensity slightly, increase rest, and focus on steady technique."
R0061,bicep curl,luteal,improve_range_of_motion,0,50,55,89,any,improving,any,main_plus_cycle,"Range of motion should be the main focus next time. Use lighter intensity if needed to move cleanly. Because this session is in the luteal phase, performance dips can be normal. Prioritise consistency, hydration, protein, and slower controlled reps rather than chasing a personal best."
R0062,bicep curl,luteal,improve_range_of_motion,0,50,55,89,high,declining,any,main_plus_cycle,"Your joint angle range suggests the movement may be slightly restricted. Focus on a comfortable full range of motion. Because this session is in the luteal phase, performance dips can be normal. Prioritise consistency, hydration, protein, and slower controlled reps rather than chasing a personal best."
R0063,bicep curl,luteal,progress_gradually,7,50,80,100,low,declining,any,main_plus_cycle,"This is a good base to progress from, as long as your form and recovery stay consistent. If bloating, tiredness, or low motivation affected today’s workout, adjust the session rather than forcing intensity. A lighter session with good control is still useful progress."
R0064,bicep curl,luteal,progress_gradually,7,50,80,100,any,any,any,main_plus_cycle,"Build gradually from this session. Add reps or resistance slowly rather than jumping too quickly. Because this session is in the luteal phase, performance dips can be normal. Prioritise consistency, hydration, protein, and slower controlled reps rather than chasing a personal best."
R0065,bicep curl,skip,reduce_intensity,0,8,0,84,high,declining,any,main_plus_cycle,"Your performance data points towards lowering the challenge for now. Aim for cleaner reps before increasing weight or volume. Since cycle tracking was skipped, use general recovery cues. If {reps} reps felt unusually hard, consider rest, hydration, and reducing intensity next time."
R0066,bicep curl,skip,reduce_intensity,0,8,0,84,any,declining,any,main_plus_cycle,"You only completed {reps} reps and your form score was {form_score}, so reduce intensity and focus on controlled, safe movement. Cycle-aware coaching is off for this session, so focus on your movement data: reps, form quality, symmetry, and fatigue. Adjust intensity based on how controlled the exercise felt."
R0067,bicep curl,skip,focus_control,0,50,55,89,high,declining,any,main_plus_cycle,"Your {exercise} would benefit from slower reps and better control, especially around avoid swinging. Since cycle tracking was skipped, use general recovery cues. If {reps} reps felt unusually hard, consider rest, hydration, and reducing intensity next time."
R0068,bicep curl,skip,focus_control,0,50,55,89,low,any,any,main_plus_cycle,"Your form was not poor, but it needs more consistency. Slow the movement down and reset between reps. Cycle-aware coaching is off for this session, so focus on your movement data: reps, form quality, symmetry, and fatigue. Adjust intensity based on how controlled the exercise felt."
R0069,bicep curl,skip,maintain_quality,7,50,80,100,high,declining,any,main_plus_cycle,"Your form score was strong, so maintain this quality and keep the same controlled rhythm next session. Since cycle tracking was skipped, use general recovery cues. If {reps} reps felt unusually hard, consider rest, hydration, and reducing intensity next time."
R0070,bicep curl,skip,maintain_quality,7,50,80,100,low,improving,any,main_plus_cycle,"Good session. The priority now is keeping the same standard across more reps without losing control. No cycle phase was selected, so this feedback is based mainly on performance. Use your rep count, form score, and fatigue level to decide whether to maintain, reduce, or progress intensity."
R0071,bicep curl,skip,increase_challenge,7,50,80,100,medium,any,any,main_plus_cycle,"This was a strong performance. Consider slightly increasing reps or resistance if recovery feels good. No cycle phase was selected, so this feedback is based mainly on performance. Use your rep count, form score, and fatigue level to decide whether to maintain, reduce, or progress intensity."
R0072,bicep curl,skip,increase_challenge,7,50,80,100,medium,any,any,main_plus_cycle,"This was a strong performance. Consider slightly increasing reps or resistance if recovery feels good. Cycle-aware coaching is off for this session, so focus on your movement data: reps, form quality, symmetry, and fatigue. Adjust intensity based on how controlled the exercise felt."
R0073,bicep curl,skip,prioritise_recovery,0,8,0,84,any,declining,any,main_plus_cycle,"Because fatigue appears elevated, keep the next session lighter and focus on feeling recovered. Cycle-aware coaching is off for this session, so focus on your movement data: reps, form quality, symmetry, and fatigue. Adjust intensity based on how controlled the exercise felt."
R0074,bicep curl,skip,prioritise_recovery,0,8,0,84,medium,declining,any,main_plus_cycle,"Today looks more like a maintenance session. Rest, hydrate, and avoid pushing extra volume. Since cycle tracking was skipped, use general recovery cues. If {reps} reps felt unusually hard, consider rest, hydration, and reducing intensity next time."
R0075,bicep curl,skip,improve_symmetry,0,50,0,100,high,any,high_diff,main_plus_cycle,"There appears to be an imbalance in the movement. Focus on even effort and equal range on both sides. Without cycle data, the safest recommendation is to follow your form and fatigue signals. Keep the movement controlled and progress only when the session feels stable."
R0076,bicep curl,skip,improve_symmetry,0,50,0,100,high,any,high_diff,main_plus_cycle,"There appears to be an imbalance in the movement. Focus on even effort and equal range on both sides. No cycle phase was selected, so this feedback is based mainly on performance. Use your rep count, form score, and fatigue level to decide whether to maintain, reduce, or progress intensity."
R0077,bicep curl,skip,improve_range_of_motion,0,50,55,89,medium,any,any,main_plus_cycle,"Range of motion should be the main focus next time. Use lighter intensity if needed to move cleanly. Since cycle tracking was skipped, use general recovery cues. If {reps} reps felt unusually hard, consider rest, hydration, and reducing intensity next time."
R0078,bicep curl,skip,improve_range_of_motion,0,50,55,89,any,improving,any,main_plus_cycle,"Your joint angle range suggests the movement may be slightly restricted. Focus on a comfortable full range of motion. No cycle phase was selected, so this feedback is based mainly on performance. Use your rep count, form score, and fatigue level to decide whether to maintain, reduce, or progress intensity."
R0079,bicep curl,skip,progress_gradually,7,50,80,100,high,declining,any,main_plus_cycle,"You are showing signs of progress, but keep increases small and controlled. Since cycle tracking was skipped, use general recovery cues. If {reps} reps felt unusually hard, consider rest, hydration, and reducing intensity next time."
R0080,bicep curl,skip,progress_gradually,7,50,80,100,medium,any,any,main_plus_cycle,"This is a good base to progress from, as long as your form and recovery stay consistent. No cycle phase was selected, so this feedback is based mainly on performance. Use your rep count, form score, and fatigue level to decide whether to maintain, reduce, or progress intensity."
R0081,squat,menstrual,reduce_intensity,0,8,0,84,high,declining,any,main_plus_cycle,"You only completed {reps} reps and your form score was {form_score}, so reduce intensity and focus on controlled, safe movement. As you selected the menstrual phase, the lower rep count may reflect reduced energy or discomfort today. Keep the load lighter, rest longer between sets, hydrate well, and consider iron-rich foods such as leafy greens, beans, lentils, red meat, or fortified cereal."
R0082,squat,menstrual,reduce_intensity,0,8,0,84,high,declining,any,main_plus_cycle,"You only completed {reps} reps and your form score was {form_score}, so reduce intensity and focus on controlled, safe movement. As you selected the menstrual phase, the lower rep count may reflect reduced energy or discomfort today. Keep the load lighter, rest longer between sets, hydrate well, and consider iron-rich foods such as leafy greens, beans, lentils, red meat, or fortified cereal."
R0083,squat,menstrual,focus_control,0,50,55,89,any,declining,any,main_plus_cycle,"Your {exercise} would benefit from slower reps and better control, especially around depth control. Because this session is in the menstrual phase, prioritise comfort over intensity. If {reps} reps felt harder than usual, use controlled movement, avoid pushing to failure, and support recovery with fluids and iron-rich meals."
R0084,squat,menstrual,focus_control,0,50,55,89,low,stable,any,main_plus_cycle,"Your {exercise} would benefit from slower reps and better control, especially around depth control. During menstruation, energy can fluctuate. Since you completed {reps} reps, treat this as a maintenance session: reduce pressure, keep technique clean, rest properly, and focus on iron, protein, and hydration after training."
R0085,squat,menstrual,maintain_quality,7,50,80,100,low,declining,any,main_plus_cycle,"Your form score was strong, so maintain this quality and keep the same controlled rhythm next session. During menstruation, energy can fluctuate. Since you completed {reps} reps, treat this as a maintenance session: reduce pressure, keep technique clean, rest properly, and focus on iron, protein, and hydration after training."
R0086,squat,menstrual,maintain_quality,7,50,80,100,medium,any,any,main_plus_cycle,"Your form score was strong, so maintain this quality and keep the same controlled rhythm next session. As you selected the menstrual phase, the lower rep count may reflect reduced energy or discomfort today. Keep the load lighter, rest longer between sets, hydrate well, and consider iron-rich foods such as leafy greens, beans, lentils, red meat, or fortified cereal."
R0087,squat,menstrual,increase_challenge,7,50,80,100,low,stable,any,main_plus_cycle,"This was a strong performance. Consider slightly increasing reps or resistance if recovery feels good. Your menstrual-phase feedback should be recovery-led today. If cramps, fatigue, or heaviness affected your {exercise}, lower the intensity and choose steady reps rather than forcing progression."
R0088,squat,menstrual,increase_challenge,7,50,80,100,medium,declining,any,main_plus_cycle,"Your session suggests you may be ready to progress. Add difficulty gradually while keeping depth control stable. As you selected the menstrual phase, the lower rep count may reflect reduced energy or discomfort today. Keep the load lighter, rest longer between sets, hydrate well, and consider iron-rich foods such as leafy greens, beans, lentils, red meat, or fortified cereal."
R0089,squat,menstrual,prioritise_recovery,0,8,0,84,high,declining,any,main_plus_cycle,"Your fatigue level suggests recovery should be the main focus after this session. Because this session is in the menstrual phase, prioritise comfort over intensity. If {reps} reps felt harder than usual, use controlled movement, avoid pushing to failure, and support recovery with fluids and iron-rich meals."
R0090,squat,menstrual,prioritise_recovery,0,8,0,84,high,declining,any,main_plus_cycle,"Because fatigue appears elevated, keep the next session lighter and focus on feeling recovered. Your menstrual-phase feedback should be recovery-led today. If cramps, fatigue, or heaviness affected your {exercise}, lower the intensity and choose steady reps rather than forcing progression."
R0091,squat,menstrual,improve_symmetry,0,50,0,100,any,declining,high_diff,main_plus_cycle,"Your symmetry difference suggests one side may be working harder than the other. Slow down and match both sides evenly. Your menstrual-phase feedback should be recovery-led today. If cramps, fatigue, or heaviness affected your {exercise}, lower the intensity and choose steady reps rather than forcing progression."
R0092,squat,menstrual,improve_symmetry,0,50,0,100,any,improving,high_diff,main_plus_cycle,"There appears to be an imbalance in the movement. Focus on even effort and equal range on both sides. As you selected the menstrual phase, the lower rep count may reflect reduced energy or discomfort today. Keep the load lighter, rest longer between sets, hydrate well, and consider iron-rich foods such as leafy greens, beans, lentils, red meat, or fortified cereal."
R0093,squat,menstrual,improve_range_of_motion,0,50,55,89,medium,improving,any,main_plus_cycle,"Your joint angle range suggests the movement may be slightly restricted. Focus on a comfortable full range of motion. As you selected the menstrual phase, the lower rep count may reflect reduced energy or discomfort today. Keep the load lighter, rest longer between sets, hydrate well, and consider iron-rich foods such as leafy greens, beans, lentils, red meat, or fortified cereal."
R0094,squat,menstrual,improve_range_of_motion,0,50,55,89,medium,stable,any,main_plus_cycle,"Range of motion should be the main focus next time. Use lighter intensity if needed to move cleanly. As you selected the menstrual phase, the lower rep count may reflect reduced energy or discomfort today. Keep the load lighter, rest longer between sets, hydrate well, and consider iron-rich foods such as leafy greens, beans, lentils, red meat, or fortified cereal."
R0095,squat,menstrual,progress_gradually,7,50,80,100,medium,any,any,main_plus_cycle,"This is a good base to progress from, as long as your form and recovery stay consistent. Your menstrual-phase feedback should be recovery-led today. If cramps, fatigue, or heaviness affected your {exercise}, lower the intensity and choose steady reps rather than forcing progression."
R0096,squat,menstrual,progress_gradually,7,50,80,100,medium,stable,any,main_plus_cycle,"You are showing signs of progress, but keep increases small and controlled. Your menstrual-phase feedback should be recovery-led today. If cramps, fatigue, or heaviness affected your {exercise}, lower the intensity and choose steady reps rather than forcing progression."
R0097,squat,follicular,reduce_intensity,0,8,0,84,high,declining,any,main_plus_cycle,"Your performance data points towards lowering the challenge for now. Aim for cleaner reps before increasing weight or volume. This phase may support training progression, but your form data should still lead the decision. Keep hip stability clean before adding more reps or weight."
R0098,squat,follicular,reduce_intensity,0,8,0,84,medium,declining,any,main_plus_cycle,This session suggests the exercise may have been too demanding today. Keep the {exercise} lighter and prioritise knee tracking. Your follicular-phase session can focus on building momentum. Use today’s {reps} reps as a baseline and slowly increase volume or resistance if recovery feels good.
R0099,squat,follicular,focus_control,0,50,55,89,high,improving,any,main_plus_cycle,"Your {exercise} would benefit from slower reps and better control, especially around controlled rise. Your follicular-phase session can focus on building momentum. Use today’s {reps} reps as a baseline and slowly increase volume or resistance if recovery feels good."
R0100,squat,follicular,focus_control,0,50,55,89,low,declining,any,main_plus_cycle,"Your form was not poor, but it needs more consistency. Slow the movement down and reset between reps. This phase may support training progression, but your form data should still lead the decision. Keep knee tracking clean before adding more reps or weight."
R0101,squat,follicular,maintain_quality,7,50,80,100,low,stable,any,main_plus_cycle,"Your technique looked consistent. Keep using this as your baseline before adding more challenge. In the follicular phase, some users feel energy gradually returning. With {reps} reps completed, this may be a good time to rebuild consistency, but only increase difficulty if your form remains controlled."
R0102,squat,follicular,maintain_quality,7,50,80,100,medium,improving,any,main_plus_cycle,"Your form score was strong, so maintain this quality and keep the same controlled rhythm next session. In the follicular phase, some users feel energy gradually returning. With {reps} reps completed, this may be a good time to rebuild consistency, but only increase difficulty if your form remains controlled."
R0103,squat,follicular,increase_challenge,7,50,80,100,medium,declining,any,main_plus_cycle,"You completed {reps} reps with strong form, so a small increase in challenge may be appropriate next time. In the follicular phase, some users feel energy gradually returning. With {reps} reps completed, this may be a good time to rebuild consistency, but only increase difficulty if your form remains controlled."
R0104,squat,follicular,increase_challenge,7,50,80,100,medium,declining,any,main_plus_cycle,"This was a strong performance. Consider slightly increasing reps or resistance if recovery feels good. In the follicular phase, some users feel energy gradually returning. With {reps} reps completed, this may be a good time to rebuild consistency, but only increase difficulty if your form remains controlled."
R0105,squat,follicular,prioritise_recovery,0,8,0,84,low,declining,any,main_plus_cycle,"Today looks more like a maintenance session. Rest, hydrate, and avoid pushing extra volume. Because this is the follicular phase, you may be able to progress gradually. If the movement felt comfortable, add a small challenge next time while keeping knee tracking as the priority."
R0106,squat,follicular,prioritise_recovery,0,8,0,84,high,declining,any,main_plus_cycle,Your fatigue level suggests recovery should be the main focus after this session. Your follicular-phase session can focus on building momentum. Use today’s {reps} reps as a baseline and slowly increase volume or resistance if recovery feels good.
R0107,squat,follicular,improve_symmetry,0,50,0,100,any,any,high_diff,main_plus_cycle,"Your symmetry difference suggests one side may be working harder than the other. Slow down and match both sides evenly. Because this is the follicular phase, you may be able to progress gradually. If the movement felt comfortable, add a small challenge next time while keeping hip stability as the priority."
R0108,squat,follicular,improve_symmetry,0,50,0,100,any,improving,high_diff,main_plus_cycle,"For your next {exercise}, prioritise balanced movement rather than increasing reps. Your follicular-phase session can focus on building momentum. Use today’s {reps} reps as a baseline and slowly increase volume or resistance if recovery feels good."
R0109,squat,follicular,improve_range_of_motion,0,50,55,89,medium,any,any,main_plus_cycle,"Try to complete each rep through a smoother, more consistent range without forcing the joint position. Because this is the follicular phase, you may be able to progress gradually. If the movement felt comfortable, add a small challenge next time while keeping hip stability as the priority."
R0110,squat,follicular,improve_range_of_motion,0,50,55,89,low,any,any,main_plus_cycle,"Try to complete each rep through a smoother, more consistent range without forcing the joint position. Your follicular-phase session can focus on building momentum. Use today’s {reps} reps as a baseline and slowly increase volume or resistance if recovery feels good."
R0111,squat,follicular,progress_gradually,7,50,80,100,any,any,any,main_plus_cycle,"Build gradually from this session. Add reps or resistance slowly rather than jumping too quickly. Because this is the follicular phase, you may be able to progress gradually. If the movement felt comfortable, add a small challenge next time while keeping hip stability as the priority."
R0112,squat,follicular,progress_gradually,7,50,80,100,high,improving,any,main_plus_cycle,"You are showing signs of progress, but keep increases small and controlled. This phase may support training progression, but your form data should still lead the decision. Keep hip stability clean before adding more reps or weight."
R0113,squat,ovulatory,reduce_intensity,0,8,0,84,high,declining,any,main_plus_cycle,"Your performance data points towards lowering the challenge for now. Aim for cleaner reps before increasing weight or volume. Your ovulatory-phase feedback suggests this could be a stronger training window. If your joints feel stable and form stays high, gradually increase challenge rather than making a large jump."
R0114,squat,ovulatory,reduce_intensity,0,8,0,84,low,declining,any,main_plus_cycle,"You only completed {reps} reps and your form score was {form_score}, so reduce intensity and focus on controlled, safe movement. During the ovulatory phase, energy may feel higher. Since you completed {reps} reps, you could consider a small progression next time, but avoid sacrificing hip stability."
R0115,squat,ovulatory,focus_control,0,50,55,89,high,stable,any,main_plus_cycle,"Your form was not poor, but it needs more consistency. Slow the movement down and reset between reps. If you feel strong in the ovulatory phase, progression can be appropriate. However, the priority is still safe technique, balanced movement, and controlled reps."
R0116,squat,ovulatory,focus_control,0,50,55,89,high,improving,any,main_plus_cycle,"Focus on technique over speed next time. Keep each rep smooth and avoid rushing the movement. Your ovulatory-phase feedback suggests this could be a stronger training window. If your joints feel stable and form stays high, gradually increase challenge rather than making a large jump."
R0117,squat,ovulatory,maintain_quality,7,50,80,100,low,stable,any,main_plus_cycle,"Your technique looked consistent. Keep using this as your baseline before adding more challenge. During the ovulatory phase, energy may feel higher. Since you completed {reps} reps, you could consider a small progression next time, but avoid sacrificing depth control."
R0118,squat,ovulatory,maintain_quality,7,50,80,100,high,declining,any,main_plus_cycle,"Your technique looked consistent. Keep using this as your baseline before adding more challenge. Your ovulatory-phase feedback suggests this could be a stronger training window. If your joints feel stable and form stays high, gradually increase challenge rather than making a large jump."
R0119,squat,ovulatory,increase_challenge,7,50,80,100,medium,improving,any,main_plus_cycle,"You completed {reps} reps with strong form, so a small increase in challenge may be appropriate next time. Your ovulatory-phase feedback suggests this could be a stronger training window. If your joints feel stable and form stays high, gradually increase challenge rather than making a large jump."
R0120,squat,ovulatory,increase_challenge,7,50,80,100,low,declining,any,main_plus_cycle,"This was a strong performance. Consider slightly increasing reps or resistance if recovery feels good. Because this phase can coincide with higher energy for some users, use the session to push carefully. Keep movement quality high and avoid rushing the {exercise}."
R0121,squat,ovulatory,prioritise_recovery,0,8,0,84,medium,declining,any,main_plus_cycle,"Your fatigue level suggests recovery should be the main focus after this session. Your ovulatory-phase feedback suggests this could be a stronger training window. If your joints feel stable and form stays high, gradually increase challenge rather than making a large jump."
R0122,squat,ovulatory,prioritise_recovery,0,8,0,84,low,declining,any,main_plus_cycle,"Your fatigue level suggests recovery should be the main focus after this session. During the ovulatory phase, energy may feel higher. Since you completed {reps} reps, you could consider a small progression next time, but avoid sacrificing knee tracking."
R0123,squat,ovulatory,improve_symmetry,0,50,0,100,any,improving,high_diff,main_plus_cycle,"Your symmetry difference suggests one side may be working harder than the other. Slow down and match both sides evenly. Your ovulatory-phase feedback suggests this could be a stronger training window. If your joints feel stable and form stays high, gradually increase challenge rather than making a large jump."
R0124,squat,ovulatory,improve_symmetry,0,50,0,100,any,any,high_diff,main_plus_cycle,"For your next {exercise}, prioritise balanced movement rather than increasing reps. Because this phase can coincide with higher energy for some users, use the session to push carefully. Keep movement quality high and avoid rushing the {exercise}."
R0125,squat,ovulatory,improve_range_of_motion,0,50,55,89,any,any,any,main_plus_cycle,"Your joint angle range suggests the movement may be slightly restricted. Focus on a comfortable full range of motion. During the ovulatory phase, energy may feel higher. Since you completed {reps} reps, you could consider a small progression next time, but avoid sacrificing hip stability."
R0126,squat,ovulatory,improve_range_of_motion,0,50,55,89,medium,declining,any,main_plus_cycle,"Your joint angle range suggests the movement may be slightly restricted. Focus on a comfortable full range of motion. Because this phase can coincide with higher energy for some users, use the session to push carefully. Keep movement quality high and avoid rushing the {exercise}."
R0127,squat,ovulatory,progress_gradually,7,50,80,100,high,stable,any,main_plus_cycle,"This is a good base to progress from, as long as your form and recovery stay consistent. Because this phase can coincide with higher energy for some users, use the session to push carefully. Keep movement quality high and avoid rushing the {exercise}."
R0128,squat,ovulatory,progress_gradually,7,50,80,100,high,improving,any,main_plus_cycle,"You are showing signs of progress, but keep increases small and controlled. Your ovulatory-phase feedback suggests this could be a stronger training window. If your joints feel stable and form stays high, gradually increase challenge rather than making a large jump."
R0129,squat,luteal,reduce_intensity,0,8,0,84,high,declining,any,main_plus_cycle,"You only completed {reps} reps and your form score was {form_score}, so reduce intensity and focus on controlled, safe movement. Because this session is in the luteal phase, performance dips can be normal. Prioritise consistency, hydration, protein, and slower controlled reps rather than chasing a personal best."
R0130,squat,luteal,reduce_intensity,0,8,0,84,high,declining,any,main_plus_cycle,"You only completed {reps} reps and your form score was {form_score}, so reduce intensity and focus on controlled, safe movement. In the luteal phase, fatigue, mood, and recovery needs may increase for some users. If {reps} reps felt difficult, reduce intensity slightly, increase rest, and focus on steady technique."
R0131,squat,luteal,focus_control,0,50,55,89,high,declining,any,main_plus_cycle,"Your form was not poor, but it needs more consistency. Slow the movement down and reset between reps. If bloating, tiredness, or low motivation affected today’s workout, adjust the session rather than forcing intensity. A lighter session with good control is still useful progress."
R0132,squat,luteal,focus_control,0,50,55,89,high,any,any,main_plus_cycle,"Your {exercise} would benefit from slower reps and better control, especially around knee tracking. Because this session is in the luteal phase, performance dips can be normal. Prioritise consistency, hydration, protein, and slower controlled reps rather than chasing a personal best."
R0133,squat,luteal,maintain_quality,7,50,80,100,any,declining,any,main_plus_cycle,"Good session. The priority now is keeping the same standard across more reps without losing control. In the luteal phase, fatigue, mood, and recovery needs may increase for some users. If {reps} reps felt difficult, reduce intensity slightly, increase rest, and focus on steady technique."
R0134,squat,luteal,maintain_quality,7,50,80,100,medium,any,any,main_plus_cycle,"Your form score was strong, so maintain this quality and keep the same controlled rhythm next session. If bloating, tiredness, or low motivation affected today’s workout, adjust the session rather than forcing intensity. A lighter session with good control is still useful progress."
R0135,squat,luteal,increase_challenge,7,50,80,100,low,declining,any,main_plus_cycle,"Your session suggests you may be ready to progress. Add difficulty gradually while keeping depth control stable. In the luteal phase, fatigue, mood, and recovery needs may increase for some users. If {reps} reps felt difficult, reduce intensity slightly, increase rest, and focus on steady technique."
R0136,squat,luteal,increase_challenge,7,50,80,100,any,stable,any,main_plus_cycle,"This was a strong performance. Consider slightly increasing reps or resistance if recovery feels good. In the luteal phase, fatigue, mood, and recovery needs may increase for some users. If {reps} reps felt difficult, reduce intensity slightly, increase rest, and focus on steady technique."
R0137,squat,luteal,prioritise_recovery,0,8,0,84,high,declining,any,main_plus_cycle,"Because fatigue appears elevated, keep the next session lighter and focus on feeling recovered. Because this session is in the luteal phase, performance dips can be normal. Prioritise consistency, hydration, protein, and slower controlled reps rather than chasing a personal best."
R0138,squat,luteal,prioritise_recovery,0,8,0,84,high,declining,any,main_plus_cycle,"Because fatigue appears elevated, keep the next session lighter and focus on feeling recovered. In the luteal phase, fatigue, mood, and recovery needs may increase for some users. If {reps} reps felt difficult, reduce intensity slightly, increase rest, and focus on steady technique."
R0139,squat,luteal,improve_symmetry,0,50,0,100,any,any,high_diff,main_plus_cycle,"Your symmetry difference suggests one side may be working harder than the other. Slow down and match both sides evenly. Because this session is in the luteal phase, performance dips can be normal. Prioritise consistency, hydration, protein, and slower controlled reps rather than chasing a personal best."
R0140,squat,luteal,improve_symmetry,0,50,0,100,medium,stable,high_diff,main_plus_cycle,"For your next {exercise}, prioritise balanced movement rather than increasing reps. Your luteal-phase feedback should be supportive rather than pushy. Keep the {exercise} manageable, rest longer if needed, and focus on maintaining form quality."
R0141,squat,luteal,improve_range_of_motion,0,50,55,89,any,declining,any,main_plus_cycle,"Range of motion should be the main focus next time. Use lighter intensity if needed to move cleanly. Your luteal-phase feedback should be supportive rather than pushy. Keep the {exercise} manageable, rest longer if needed, and focus on maintaining form quality."
R0142,squat,luteal,improve_range_of_motion,0,50,55,89,high,declining,any,main_plus_cycle,"Try to complete each rep through a smoother, more consistent range without forcing the joint position. Your luteal-phase feedback should be supportive rather than pushy. Keep the {exercise} manageable, rest longer if needed, and focus on maintaining form quality."
R0143,squat,luteal,progress_gradually,7,50,80,100,medium,declining,any,main_plus_cycle,"This is a good base to progress from, as long as your form and recovery stay consistent. Because this session is in the luteal phase, performance dips can be normal. Prioritise consistency, hydration, protein, and slower controlled reps rather than chasing a personal best."
R0144,squat,luteal,progress_gradually,7,50,80,100,any,improving,any,main_plus_cycle,"You are showing signs of progress, but keep increases small and controlled. Because this session is in the luteal phase, performance dips can be normal. Prioritise consistency, hydration, protein, and slower controlled reps rather than chasing a personal best."
R0145,squat,skip,reduce_intensity,0,8,0,84,medium,declining,any,main_plus_cycle,"Your performance data points towards lowering the challenge for now. Aim for cleaner reps before increasing weight or volume. Cycle-aware coaching is off for this session, so focus on your movement data: reps, form quality, symmetry, and fatigue. Adjust intensity based on how controlled the exercise felt."
R0146,squat,skip,reduce_intensity,0,8,0,84,high,declining,any,main_plus_cycle,"You only completed {reps} reps and your form score was {form_score}, so reduce intensity and focus on controlled, safe movement. No cycle phase was selected, so this feedback is based mainly on performance. Use your rep count, form score, and fatigue level to decide whether to maintain, reduce, or progress intensity."
R0147,squat,skip,focus_control,0,50,55,89,medium,declining,any,main_plus_cycle,"Your form was not poor, but it needs more consistency. Slow the movement down and reset between reps. No cycle phase was selected, so this feedback is based mainly on performance. Use your rep count, form score, and fatigue level to decide whether to maintain, reduce, or progress intensity."
R0148,squat,skip,focus_control,0,50,55,89,any,declining,any,main_plus_cycle,"Your {exercise} would benefit from slower reps and better control, especially around hip stability. Without cycle data, the safest recommendation is to follow your form and fatigue signals. Keep the movement controlled and progress only when the session feels stable."
R0149,squat,skip,maintain_quality,7,50,80,100,low,stable,any,main_plus_cycle,"Good session. The priority now is keeping the same standard across more reps without losing control. Without cycle data, the safest recommendation is to follow your form and fatigue signals. Keep the movement controlled and progress only when the session feels stable."
R0150,squat,skip,maintain_quality,7,50,80,100,low,declining,any,main_plus_cycle,"Your technique looked consistent. Keep using this as your baseline before adding more challenge. Since cycle tracking was skipped, use general recovery cues. If {reps} reps felt unusually hard, consider rest, hydration, and reducing intensity next time."
R0151,squat,skip,increase_challenge,7,50,80,100,medium,any,any,main_plus_cycle,"This was a strong performance. Consider slightly increasing reps or resistance if recovery feels good. No cycle phase was selected, so this feedback is based mainly on performance. Use your rep count, form score, and fatigue level to decide whether to maintain, reduce, or progress intensity."
R0152,squat,skip,increase_challenge,7,50,80,100,low,declining,any,main_plus_cycle,"You completed {reps} reps with strong form, so a small increase in challenge may be appropriate next time. Cycle-aware coaching is off for this session, so focus on your movement data: reps, form quality, symmetry, and fatigue. Adjust intensity based on how controlled the exercise felt."
R0153,squat,skip,prioritise_recovery,0,8,0,84,medium,declining,any,main_plus_cycle,"Because fatigue appears elevated, keep the next session lighter and focus on feeling recovered. No cycle phase was selected, so this feedback is based mainly on performance. Use your rep count, form score, and fatigue level to decide whether to maintain, reduce, or progress intensity."
R0154,squat,skip,prioritise_recovery,0,8,0,84,low,declining,any,main_plus_cycle,"Your fatigue level suggests recovery should be the main focus after this session. Since cycle tracking was skipped, use general recovery cues. If {reps} reps felt unusually hard, consider rest, hydration, and reducing intensity next time."
R0155,squat,skip,improve_symmetry,0,50,0,100,low,improving,high_diff,main_plus_cycle,"For your next {exercise}, prioritise balanced movement rather than increasing reps. Since cycle tracking was skipped, use general recovery cues. If {reps} reps felt unusually hard, consider rest, hydration, and reducing intensity next time."
R0156,squat,skip,improve_symmetry,0,50,0,100,medium,improving,high_diff,main_plus_cycle,"For your next {exercise}, prioritise balanced movement rather than increasing reps. No cycle phase was selected, so this feedback is based mainly on performance. Use your rep count, form score, and fatigue level to decide whether to maintain, reduce, or progress intensity."
R0157,squat,skip,improve_range_of_motion,0,50,55,89,medium,any,any,main_plus_cycle,"Your joint angle range suggests the movement may be slightly restricted. Focus on a comfortable full range of motion. No cycle phase was selected, so this feedback is based mainly on performance. Use your rep count, form score, and fatigue level to decide whether to maintain, reduce, or progress intensity."
R0158,squat,skip,improve_range_of_motion,0,50,55,89,high,declining,any,main_plus_cycle,"Your joint angle range suggests the movement may be slightly restricted. Focus on a comfortable full range of motion. No cycle phase was selected, so this feedback is based mainly on performance. Use your rep count, form score, and fatigue level to decide whether to maintain, reduce, or progress intensity."
R0159,squat,skip,progress_gradually,7,50,80,100,low,stable,any,main_plus_cycle,"You are showing signs of progress, but keep increases small and controlled. Since cycle tracking was skipped, use general recovery cues. If {reps} reps felt unusually hard, consider rest, hydration, and reducing intensity next time."
R0160,squat,skip,progress_gradually,7,50,80,100,high,declining,any,main_plus_cycle,"You are showing signs of progress, but keep increases small and controlled. Since cycle tracking was skipped, use general recovery cues. If {reps} reps felt unusually hard, consider rest, hydration, and reducing intensity next time."
R0161,lunge,menstrual,reduce_intensity,0,8,0,84,high,declining,any,main_plus_cycle,"You only completed {reps} reps and your form score was {form_score}, so reduce intensity and focus on controlled, safe movement. Your menstrual-phase feedback should be recovery-led today. If cramps, fatigue, or heaviness affected your {exercise}, lower the intensity and choose steady reps rather than forcing progression."
R0162,lunge,menstrual,reduce_intensity,0,8,0,84,high,declining,any,main_plus_cycle,"This session suggests the exercise may have been too demanding today. Keep the {exercise} lighter and prioritise balance. As you selected the menstrual phase, the lower rep count may reflect reduced energy or discomfort today. Keep the load lighter, rest longer between sets, hydrate well, and consider iron-rich foods such as leafy greens, beans, lentils, red meat, or fortified cereal."
R0163,lunge,menstrual,focus_control,0,50,55,89,high,any,any,main_plus_cycle,"Focus on technique over speed next time. Keep each rep smooth and avoid rushing the movement. Because this session is in the menstrual phase, prioritise comfort over intensity. If {reps} reps felt harder than usual, use controlled movement, avoid pushing to failure, and support recovery with fluids and iron-rich meals."
R0164,lunge,menstrual,focus_control,0,50,55,89,medium,declining,any,main_plus_cycle,"Focus on technique over speed next time. Keep each rep smooth and avoid rushing the movement. During menstruation, energy can fluctuate. Since you completed {reps} reps, treat this as a maintenance session: reduce pressure, keep technique clean, rest properly, and focus on iron, protein, and hydration after training."
R0165,lunge,menstrual,maintain_quality,7,50,80,100,any,declining,any,main_plus_cycle,"Good session. The priority now is keeping the same standard across more reps without losing control. During menstruation, energy can fluctuate. Since you completed {reps} reps, treat this as a maintenance session: reduce pressure, keep technique clean, rest properly, and focus on iron, protein, and hydration after training."
R0166,lunge,menstrual,maintain_quality,7,50,80,100,high,improving,any,main_plus_cycle,"Your form score was strong, so maintain this quality and keep the same controlled rhythm next session. During menstruation, energy can fluctuate. Since you completed {reps} reps, treat this as a maintenance session: reduce pressure, keep technique clean, rest properly, and focus on iron, protein, and hydration after training."
R0167,lunge,menstrual,increase_challenge,7,50,80,100,medium,any,any,main_plus_cycle,"You completed {reps} reps with strong form, so a small increase in challenge may be appropriate next time. During menstruation, energy can fluctuate. Since you completed {reps} reps, treat this as a maintenance session: reduce pressure, keep technique clean, rest properly, and focus on iron, protein, and hydration after training."
R0168,lunge,menstrual,increase_challenge,7,50,80,100,low,improving,any,main_plus_cycle,"You completed {reps} reps with strong form, so a small increase in challenge may be appropriate next time. Because this session is in the menstrual phase, prioritise comfort over intensity. If {reps} reps felt harder than usual, use controlled movement, avoid pushing to failure, and support recovery with fluids and iron-rich meals."
R0169,lunge,menstrual,prioritise_recovery,0,8,0,84,high,declining,any,main_plus_cycle,"Your fatigue level suggests recovery should be the main focus after this session. During menstruation, energy can fluctuate. Since you completed {reps} reps, treat this as a maintenance session: reduce pressure, keep technique clean, rest properly, and focus on iron, protein, and hydration after training."
R0170,lunge,menstrual,prioritise_recovery,0,8,0,84,high,declining,any,main_plus_cycle,"Today looks more like a maintenance session. Rest, hydrate, and avoid pushing extra volume. Because this session is in the menstrual phase, prioritise comfort over intensity. If {reps} reps felt harder than usual, use controlled movement, avoid pushing to failure, and support recovery with fluids and iron-rich meals."
R0171,lunge,menstrual,improve_symmetry,0,50,0,100,any,declining,high_diff,main_plus_cycle,"For your next {exercise}, prioritise balanced movement rather than increasing reps. As you selected the menstrual phase, the lower rep count may reflect reduced energy or discomfort today. Keep the load lighter, rest longer between sets, hydrate well, and consider iron-rich foods such as leafy greens, beans, lentils, red meat, or fortified cereal."
R0172,lunge,menstrual,improve_symmetry,0,50,0,100,low,improving,high_diff,main_plus_cycle,"Your symmetry difference suggests one side may be working harder than the other. Slow down and match both sides evenly. As you selected the menstrual phase, the lower rep count may reflect reduced energy or discomfort today. Keep the load lighter, rest longer between sets, hydrate well, and consider iron-rich foods such as leafy greens, beans, lentils, red meat, or fortified cereal."
R0173,lunge,menstrual,improve_range_of_motion,0,50,55,89,low,any,any,main_plus_cycle,"Your joint angle range suggests the movement may be slightly restricted. Focus on a comfortable full range of motion. Your menstrual-phase feedback should be recovery-led today. If cramps, fatigue, or heaviness affected your {exercise}, lower the intensity and choose steady reps rather than forcing progression."
R0174,lunge,menstrual,improve_range_of_motion,0,50,55,89,medium,declining,any,main_plus_cycle,"Try to complete each rep through a smoother, more consistent range without forcing the joint position. During menstruation, energy can fluctuate. Since you completed {reps} reps, treat this as a maintenance session: reduce pressure, keep technique clean, rest properly, and focus on iron, protein, and hydration after training."
R0175,lunge,menstrual,progress_gradually,7,50,80,100,low,declining,any,main_plus_cycle,"Build gradually from this session. Add reps or resistance slowly rather than jumping too quickly. As you selected the menstrual phase, the lower rep count may reflect reduced energy or discomfort today. Keep the load lighter, rest longer between sets, hydrate well, and consider iron-rich foods such as leafy greens, beans, lentils, red meat, or fortified cereal."
R0176,lunge,menstrual,progress_gradually,7,50,80,100,medium,any,any,main_plus_cycle,"Build gradually from this session. Add reps or resistance slowly rather than jumping too quickly. Your menstrual-phase feedback should be recovery-led today. If cramps, fatigue, or heaviness affected your {exercise}, lower the intensity and choose steady reps rather than forcing progression."
R0177,lunge,follicular,reduce_intensity,0,8,0,84,any,declining,any,main_plus_cycle,"You only completed {reps} reps and your form score was {form_score}, so reduce intensity and focus on controlled, safe movement. In the follicular phase, some users feel energy gradually returning. With {reps} reps completed, this may be a good time to rebuild consistency, but only increase difficulty if your form remains controlled."
R0178,lunge,follicular,reduce_intensity,0,8,0,84,any,declining,any,main_plus_cycle,"Your performance data points towards lowering the challenge for now. Aim for cleaner reps before increasing weight or volume. Because this is the follicular phase, you may be able to progress gradually. If the movement felt comfortable, add a small challenge next time while keeping even leg drive as the priority."
R0179,lunge,follicular,focus_control,0,50,55,89,low,declining,any,main_plus_cycle,"Your {exercise} would benefit from slower reps and better control, especially around front knee alignment. Because this is the follicular phase, you may be able to progress gradually. If the movement felt comfortable, add a small challenge next time while keeping front knee alignment as the priority."
R0180,lunge,follicular,focus_control,0,50,55,89,any,any,any,main_plus_cycle,"Your form was not poor, but it needs more consistency. Slow the movement down and reset between reps. Your follicular-phase session can focus on building momentum. Use today’s {reps} reps as a baseline and slowly increase volume or resistance if recovery feels good."
R0181,lunge,follicular,maintain_quality,7,50,80,100,high,any,any,main_plus_cycle,Your technique looked consistent. Keep using this as your baseline before adding more challenge. Your follicular-phase session can focus on building momentum. Use today’s {reps} reps as a baseline and slowly increase volume or resistance if recovery feels good.
R0182,lunge,follicular,maintain_quality,7,50,80,100,low,declining,any,main_plus_cycle,"Good session. The priority now is keeping the same standard across more reps without losing control. In the follicular phase, some users feel energy gradually returning. With {reps} reps completed, this may be a good time to rebuild consistency, but only increase difficulty if your form remains controlled."
R0183,lunge,follicular,increase_challenge,7,50,80,100,any,declining,any,main_plus_cycle,"You completed {reps} reps with strong form, so a small increase in challenge may be appropriate next time. Because this is the follicular phase, you may be able to progress gradually. If the movement felt comfortable, add a small challenge next time while keeping even leg drive as the priority."
R0184,lunge,follicular,increase_challenge,7,50,80,100,high,improving,any,main_plus_cycle,"Your session suggests you may be ready to progress. Add difficulty gradually while keeping even leg drive stable. In the follicular phase, some users feel energy gradually returning. With {reps} reps completed, this may be a good time to rebuild consistency, but only increase difficulty if your form remains controlled."
R0185,lunge,follicular,prioritise_recovery,0,8,0,84,medium,declining,any,main_plus_cycle,"Today looks more like a maintenance session. Rest, hydrate, and avoid pushing extra volume. Because this is the follicular phase, you may be able to progress gradually. If the movement felt comfortable, add a small challenge next time while keeping balance as the priority."
R0186,lunge,follicular,prioritise_recovery,0,8,0,84,any,declining,any,main_plus_cycle,"Today looks more like a maintenance session. Rest, hydrate, and avoid pushing extra volume. This phase may support training progression, but your form data should still lead the decision. Keep controlled descent clean before adding more reps or weight."
R0187,lunge,follicular,improve_symmetry,0,50,0,100,any,improving,high_diff,main_plus_cycle,"For your next {exercise}, prioritise balanced movement rather than increasing reps. This phase may support training progression, but your form data should still lead the decision. Keep front knee alignment clean before adding more reps or weight."
R0188,lunge,follicular,improve_symmetry,0,50,0,100,any,declining,high_diff,main_plus_cycle,"Your symmetry difference suggests one side may be working harder than the other. Slow down and match both sides evenly. Because this is the follicular phase, you may be able to progress gradually. If the movement felt comfortable, add a small challenge next time while keeping controlled descent as the priority."
R0189,lunge,follicular,improve_range_of_motion,0,50,55,89,high,stable,any,main_plus_cycle,"Try to complete each rep through a smoother, more consistent range without forcing the joint position. This phase may support training progression, but your form data should still lead the decision. Keep controlled descent clean before adding more reps or weight."
R0190,lunge,follicular,improve_range_of_motion,0,50,55,89,any,any,any,main_plus_cycle,"Range of motion should be the main focus next time. Use lighter intensity if needed to move cleanly. This phase may support training progression, but your form data should still lead the decision. Keep balance clean before adding more reps or weight."
R0191,lunge,follicular,progress_gradually,7,50,80,100,low,any,any,main_plus_cycle,"Build gradually from this session. Add reps or resistance slowly rather than jumping too quickly. Because this is the follicular phase, you may be able to progress gradually. If the movement felt comfortable, add a small challenge next time while keeping controlled descent as the priority."
R0192,lunge,follicular,progress_gradually,7,50,80,100,low,any,any,main_plus_cycle,"This is a good base to progress from, as long as your form and recovery stay consistent. Your follicular-phase session can focus on building momentum. Use today’s {reps} reps as a baseline and slowly increase volume or resistance if recovery feels good."
R0193,lunge,ovulatory,reduce_intensity,0,8,0,84,low,declining,any,main_plus_cycle,"You only completed {reps} reps and your form score was {form_score}, so reduce intensity and focus on controlled, safe movement. Your ovulatory-phase feedback suggests this could be a stronger training window. If your joints feel stable and form stays high, gradually increase challenge rather than making a large jump."
R0194,lunge,ovulatory,reduce_intensity,0,8,0,84,medium,declining,any,main_plus_cycle,"This session suggests the exercise may have been too demanding today. Keep the {exercise} lighter and prioritise controlled descent. Because this phase can coincide with higher energy for some users, use the session to push carefully. Keep movement quality high and avoid rushing the {exercise}."
R0195,lunge,ovulatory,focus_control,0,50,55,89,medium,declining,any,main_plus_cycle,"Your {exercise} would benefit from slower reps and better control, especially around even leg drive. During the ovulatory phase, energy may feel higher. Since you completed {reps} reps, you could consider a small progression next time, but avoid sacrificing even leg drive."
R0196,lunge,ovulatory,focus_control,0,50,55,89,any,improving,any,main_plus_cycle,"Your form was not poor, but it needs more consistency. Slow the movement down and reset between reps. Your ovulatory-phase feedback suggests this could be a stronger training window. If your joints feel stable and form stays high, gradually increase challenge rather than making a large jump."
R0197,lunge,ovulatory,maintain_quality,7,50,80,100,any,improving,any,main_plus_cycle,"Your technique looked consistent. Keep using this as your baseline before adding more challenge. Your ovulatory-phase feedback suggests this could be a stronger training window. If your joints feel stable and form stays high, gradually increase challenge rather than making a large jump."
R0198,lunge,ovulatory,maintain_quality,7,50,80,100,medium,improving,any,main_plus_cycle,"Your form score was strong, so maintain this quality and keep the same controlled rhythm next session. Your ovulatory-phase feedback suggests this could be a stronger training window. If your joints feel stable and form stays high, gradually increase challenge rather than making a large jump."
R0199,lunge,ovulatory,increase_challenge,7,50,80,100,low,any,any,main_plus_cycle,"Your session suggests you may be ready to progress. Add difficulty gradually while keeping balance stable. Because this phase can coincide with higher energy for some users, use the session to push carefully. Keep movement quality high and avoid rushing the {exercise}."
R0200,lunge,ovulatory,increase_challenge,7,50,80,100,any,stable,any,main_plus_cycle,"This was a strong performance. Consider slightly increasing reps or resistance if recovery feels good. Because this phase can coincide with higher energy for some users, use the session to push carefully. Keep movement quality high and avoid rushing the {exercise}."
R0201,lunge,ovulatory,prioritise_recovery,0,8,0,84,high,declining,any,main_plus_cycle,"Today looks more like a maintenance session. Rest, hydrate, and avoid pushing extra volume. During the ovulatory phase, energy may feel higher. Since you completed {reps} reps, you could consider a small progression next time, but avoid sacrificing front knee alignment."
R0202,lunge,ovulatory,prioritise_recovery,0,8,0,84,high,declining,any,main_plus_cycle,"Because fatigue appears elevated, keep the next session lighter and focus on feeling recovered. During the ovulatory phase, energy may feel higher. Since you completed {reps} reps, you could consider a small progression next time, but avoid sacrificing front knee alignment."
R0203,lunge,ovulatory,improve_symmetry,0,50,0,100,low,stable,high_diff,main_plus_cycle,"For your next {exercise}, prioritise balanced movement rather than increasing reps. Your ovulatory-phase feedback suggests this could be a stronger training window. If your joints feel stable and form stays high, gradually increase challenge rather than making a large jump."
R0204,lunge,ovulatory,improve_symmetry,0,50,0,100,any,any,high_diff,main_plus_cycle,"There appears to be an imbalance in the movement. Focus on even effort and equal range on both sides. During the ovulatory phase, energy may feel higher. Since you completed {reps} reps, you could consider a small progression next time, but avoid sacrificing front knee alignment."
R0205,lunge,ovulatory,improve_range_of_motion,0,50,55,89,medium,any,any,main_plus_cycle,"Range of motion should be the main focus next time. Use lighter intensity if needed to move cleanly. If you feel strong in the ovulatory phase, progression can be appropriate. However, the priority is still safe technique, balanced movement, and controlled reps."
R0206,lunge,ovulatory,improve_range_of_motion,0,50,55,89,low,stable,any,main_plus_cycle,"Your joint angle range suggests the movement may be slightly restricted. Focus on a comfortable full range of motion. During the ovulatory phase, energy may feel higher. Since you completed {reps} reps, you could consider a small progression next time, but avoid sacrificing even leg drive."
R0207,lunge,ovulatory,progress_gradually,7,50,80,100,any,any,any,main_plus_cycle,"Build gradually from this session. Add reps or resistance slowly rather than jumping too quickly. Because this phase can coincide with higher energy for some users, use the session to push carefully. Keep movement quality high and avoid rushing the {exercise}."
R0208,lunge,ovulatory,progress_gradually,7,50,80,100,medium,declining,any,main_plus_cycle,"Build gradually from this session. Add reps or resistance slowly rather than jumping too quickly. During the ovulatory phase, energy may feel higher. Since you completed {reps} reps, you could consider a small progression next time, but avoid sacrificing even leg drive."
R0209,lunge,luteal,reduce_intensity,0,8,0,84,high,declining,any,main_plus_cycle,"This session suggests the exercise may have been too demanding today. Keep the {exercise} lighter and prioritise controlled descent. Your luteal-phase feedback should be supportive rather than pushy. Keep the {exercise} manageable, rest longer if needed, and focus on maintaining form quality."
R0210,lunge,luteal,reduce_intensity,0,8,0,84,high,declining,any,main_plus_cycle,"Your performance data points towards lowering the challenge for now. Aim for cleaner reps before increasing weight or volume. In the luteal phase, fatigue, mood, and recovery needs may increase for some users. If {reps} reps felt difficult, reduce intensity slightly, increase rest, and focus on steady technique."
R0211,lunge,luteal,focus_control,0,50,55,89,medium,stable,any,main_plus_cycle,"Your form was not poor, but it needs more consistency. Slow the movement down and reset between reps. If bloating, tiredness, or low motivation affected today’s workout, adjust the session rather than forcing intensity. A lighter session with good control is still useful progress."
R0212,lunge,luteal,focus_control,0,50,55,89,medium,stable,any,main_plus_cycle,"Your form was not poor, but it needs more consistency. Slow the movement down and reset between reps. In the luteal phase, fatigue, mood, and recovery needs may increase for some users. If {reps} reps felt difficult, reduce intensity slightly, increase rest, and focus on steady technique."
R0213,lunge,luteal,maintain_quality,7,50,80,100,high,improving,any,main_plus_cycle,"Your form score was strong, so maintain this quality and keep the same controlled rhythm next session. If bloating, tiredness, or low motivation affected today’s workout, adjust the session rather than forcing intensity. A lighter session with good control is still useful progress."
R0214,lunge,luteal,maintain_quality,7,50,80,100,low,declining,any,main_plus_cycle,"Good session. The priority now is keeping the same standard across more reps without losing control. Because this session is in the luteal phase, performance dips can be normal. Prioritise consistency, hydration, protein, and slower controlled reps rather than chasing a personal best."
R0215,lunge,luteal,increase_challenge,7,50,80,100,low,declining,any,main_plus_cycle,"This was a strong performance. Consider slightly increasing reps or resistance if recovery feels good. If bloating, tiredness, or low motivation affected today’s workout, adjust the session rather than forcing intensity. A lighter session with good control is still useful progress."
R0216,lunge,luteal,increase_challenge,7,50,80,100,high,improving,any,main_plus_cycle,"You completed {reps} reps with strong form, so a small increase in challenge may be appropriate next time. If bloating, tiredness, or low motivation affected today’s workout, adjust the session rather than forcing intensity. A lighter session with good control is still useful progress."
R0217,lunge,luteal,prioritise_recovery,0,8,0,84,high,declining,any,main_plus_cycle,"Because fatigue appears elevated, keep the next session lighter and focus on feeling recovered. Because this session is in the luteal phase, performance dips can be normal. Prioritise consistency, hydration, protein, and slower controlled reps rather than chasing a personal best."
R0218,lunge,luteal,prioritise_recovery,0,8,0,84,high,declining,any,main_plus_cycle,"Because fatigue appears elevated, keep the next session lighter and focus on feeling recovered. Your luteal-phase feedback should be supportive rather than pushy. Keep the {exercise} manageable, rest longer if needed, and focus on maintaining form quality."
R0219,lunge,luteal,improve_symmetry,0,50,0,100,any,stable,high_diff,main_plus_cycle,"Your symmetry difference suggests one side may be working harder than the other. Slow down and match both sides evenly. Because this session is in the luteal phase, performance dips can be normal. Prioritise consistency, hydration, protein, and slower controlled reps rather than chasing a personal best."
R0220,lunge,luteal,improve_symmetry,0,50,0,100,low,stable,high_diff,main_plus_cycle,"Your symmetry difference suggests one side may be working harder than the other. Slow down and match both sides evenly. If bloating, tiredness, or low motivation affected today’s workout, adjust the session rather than forcing intensity. A lighter session with good control is still useful progress."
R0221,lunge,luteal,improve_range_of_motion,0,50,55,89,medium,stable,any,main_plus_cycle,"Try to complete each rep through a smoother, more consistent range without forcing the joint position. If bloating, tiredness, or low motivation affected today’s workout, adjust the session rather than forcing intensity. A lighter session with good control is still useful progress."
R0222,lunge,luteal,improve_range_of_motion,0,50,55,89,high,declining,any,main_plus_cycle,"Range of motion should be the main focus next time. Use lighter intensity if needed to move cleanly. In the luteal phase, fatigue, mood, and recovery needs may increase for some users. If {reps} reps felt difficult, reduce intensity slightly, increase rest, and focus on steady technique."
R0223,lunge,luteal,progress_gradually,7,50,80,100,any,declining,any,main_plus_cycle,"Build gradually from this session. Add reps or resistance slowly rather than jumping too quickly. Because this session is in the luteal phase, performance dips can be normal. Prioritise consistency, hydration, protein, and slower controlled reps rather than chasing a personal best."
R0224,lunge,luteal,progress_gradually,7,50,80,100,high,any,any,main_plus_cycle,"This is a good base to progress from, as long as your form and recovery stay consistent. If bloating, tiredness, or low motivation affected today’s workout, adjust the session rather than forcing intensity. A lighter session with good control is still useful progress."
R0225,lunge,skip,reduce_intensity,0,8,0,84,low,declining,any,main_plus_cycle,"This session suggests the exercise may have been too demanding today. Keep the {exercise} lighter and prioritise even leg drive. Since cycle tracking was skipped, use general recovery cues. If {reps} reps felt unusually hard, consider rest, hydration, and reducing intensity next time."
R0226,lunge,skip,reduce_intensity,0,8,0,84,high,declining,any,main_plus_cycle,"Your performance data points towards lowering the challenge for now. Aim for cleaner reps before increasing weight or volume. No cycle phase was selected, so this feedback is based mainly on performance. Use your rep count, form score, and fatigue level to decide whether to maintain, reduce, or progress intensity."
R0227,lunge,skip,focus_control,0,50,55,89,any,stable,any,main_plus_cycle,"Your form was not poor, but it needs more consistency. Slow the movement down and reset between reps. Without cycle data, the safest recommendation is to follow your form and fatigue signals. Keep the movement controlled and progress only when the session feels stable."
R0228,lunge,skip,focus_control,0,50,55,89,medium,improving,any,main_plus_cycle,"Focus on technique over speed next time. Keep each rep smooth and avoid rushing the movement. Cycle-aware coaching is off for this session, so focus on your movement data: reps, form quality, symmetry, and fatigue. Adjust intensity based on how controlled the exercise felt."
R0229,lunge,skip,maintain_quality,7,50,80,100,any,stable,any,main_plus_cycle,"Your form score was strong, so maintain this quality and keep the same controlled rhythm next session. Without cycle data, the safest recommendation is to follow your form and fatigue signals. Keep the movement controlled and progress only when the session feels stable."
R0230,lunge,skip,maintain_quality,7,50,80,100,high,any,any,main_plus_cycle,"Good session. The priority now is keeping the same standard across more reps without losing control. Since cycle tracking was skipped, use general recovery cues. If {reps} reps felt unusually hard, consider rest, hydration, and reducing intensity next time."
R0231,lunge,skip,increase_challenge,7,50,80,100,medium,improving,any,main_plus_cycle,"This was a strong performance. Consider slightly increasing reps or resistance if recovery feels good. No cycle phase was selected, so this feedback is based mainly on performance. Use your rep count, form score, and fatigue level to decide whether to maintain, reduce, or progress intensity."
R0232,lunge,skip,increase_challenge,7,50,80,100,low,any,any,main_plus_cycle,"Your session suggests you may be ready to progress. Add difficulty gradually while keeping balance stable. Since cycle tracking was skipped, use general recovery cues. If {reps} reps felt unusually hard, consider rest, hydration, and reducing intensity next time."
R0233,lunge,skip,prioritise_recovery,0,8,0,84,medium,declining,any,main_plus_cycle,"Today looks more like a maintenance session. Rest, hydrate, and avoid pushing extra volume. No cycle phase was selected, so this feedback is based mainly on performance. Use your rep count, form score, and fatigue level to decide whether to maintain, reduce, or progress intensity."
R0234,lunge,skip,prioritise_recovery,0,8,0,84,any,declining,any,main_plus_cycle,"Today looks more like a maintenance session. Rest, hydrate, and avoid pushing extra volume. Cycle-aware coaching is off for this session, so focus on your movement data: reps, form quality, symmetry, and fatigue. Adjust intensity based on how controlled the exercise felt."
R0235,lunge,skip,improve_symmetry,0,50,0,100,any,declining,high_diff,main_plus_cycle,"There appears to be an imbalance in the movement. Focus on even effort and equal range on both sides. No cycle phase was selected, so this feedback is based mainly on performance. Use your rep count, form score, and fatigue level to decide whether to maintain, reduce, or progress intensity."
R0236,lunge,skip,improve_symmetry,0,50,0,100,medium,stable,high_diff,main_plus_cycle,"There appears to be an imbalance in the movement. Focus on even effort and equal range on both sides. Without cycle data, the safest recommendation is to follow your form and fatigue signals. Keep the movement controlled and progress only when the session feels stable."
R0237,lunge,skip,improve_range_of_motion,0,50,55,89,medium,any,any,main_plus_cycle,"Range of motion should be the main focus next time. Use lighter intensity if needed to move cleanly. Since cycle tracking was skipped, use general recovery cues. If {reps} reps felt unusually hard, consider rest, hydration, and reducing intensity next time."
R0238,lunge,skip,improve_range_of_motion,0,50,55,89,low,stable,any,main_plus_cycle,"Your joint angle range suggests the movement may be slightly restricted. Focus on a comfortable full range of motion. Since cycle tracking was skipped, use general recovery cues. If {reps} reps felt unusually hard, consider rest, hydration, and reducing intensity next time."
R0239,lunge,skip,progress_gradually,7,50,80,100,low,any,any,main_plus_cycle,"This is a good base to progress from, as long as your form and recovery stay consistent. No cycle phase was selected, so this feedback is based mainly on performance. Use your rep count, form score, and fatigue level to decide whether to maintain, reduce, or progress intensity."
R0240,lunge,skip,progress_gradually,7,50,80,100,medium,improving,any,main_plus_cycle,"Build gradually from this session. Add reps or resistance slowly rather than jumping too quickly. Without cycle data, the safest recommendation is to follow your form and fatigue signals. Keep the movement controlled and progress only when the session feels stable."
R0241,shoulder press,menstrual,reduce_intensity,0,8,0,84,high,declining,any,main_plus_cycle,"This session suggests the exercise may have been too demanding today. Keep the {exercise} lighter and prioritise controlled overhead press. Because this session is in the menstrual phase, prioritise comfort over intensity. If {reps} reps felt harder than usual, use controlled movement, avoid pushing to failure, and support recovery with fluids and iron-rich meals."
R0242,shoulder press,menstrual,reduce_intensity,0,8,0,84,high,declining,any,main_plus_cycle,"You only completed {reps} reps and your form score was {form_score}, so reduce intensity and focus on controlled, safe movement. Because this session is in the menstrual phase, prioritise comfort over intensity. If {reps} reps felt harder than usual, use controlled movement, avoid pushing to failure, and support recovery with fluids and iron-rich meals."
R0243,shoulder press,menstrual,focus_control,0,50,55,89,high,any,any,main_plus_cycle,"Your {exercise} would benefit from slower reps and better control, especially around steady lockout. During menstruation, energy can fluctuate. Since you completed {reps} reps, treat this as a maintenance session: reduce pressure, keep technique clean, rest properly, and focus on iron, protein, and hydration after training."
R0244,shoulder press,menstrual,focus_control,0,50,55,89,any,stable,any,main_plus_cycle,"Your {exercise} would benefit from slower reps and better control, especially around controlled overhead press. During menstruation, energy can fluctuate. Since you completed {reps} reps, treat this as a maintenance session: reduce pressure, keep technique clean, rest properly, and focus on iron, protein, and hydration after training."
R0245,shoulder press,menstrual,maintain_quality,7,50,80,100,high,declining,any,main_plus_cycle,"Good session. The priority now is keeping the same standard across more reps without losing control. During menstruation, energy can fluctuate. Since you completed {reps} reps, treat this as a maintenance session: reduce pressure, keep technique clean, rest properly, and focus on iron, protein, and hydration after training."
R0246,shoulder press,menstrual,maintain_quality,7,50,80,100,medium,any,any,main_plus_cycle,"Good session. The priority now is keeping the same standard across more reps without losing control. As you selected the menstrual phase, the lower rep count may reflect reduced energy or discomfort today. Keep the load lighter, rest longer between sets, hydrate well, and consider iron-rich foods such as leafy greens, beans, lentils, red meat, or fortified cereal."
R0247,shoulder press,menstrual,increase_challenge,7,50,80,100,low,improving,any,main_plus_cycle,"Your session suggests you may be ready to progress. Add difficulty gradually while keeping avoid arching your back stable. During menstruation, energy can fluctuate. Since you completed {reps} reps, treat this as a maintenance session: reduce pressure, keep technique clean, rest properly, and focus on iron, protein, and hydration after training."
R0248,shoulder press,menstrual,increase_challenge,7,50,80,100,low,any,any,main_plus_cycle,"Your session suggests you may be ready to progress. Add difficulty gradually while keeping steady lockout stable. Your menstrual-phase feedback should be recovery-led today. If cramps, fatigue, or heaviness affected your {exercise}, lower the intensity and choose steady reps rather than forcing progression."
R0249,shoulder press,menstrual,prioritise_recovery,0,8,0,84,high,declining,any,main_plus_cycle,"Because fatigue appears elevated, keep the next session lighter and focus on feeling recovered. Because this session is in the menstrual phase, prioritise comfort over intensity. If {reps} reps felt harder than usual, use controlled movement, avoid pushing to failure, and support recovery with fluids and iron-rich meals."
R0250,shoulder press,menstrual,prioritise_recovery,0,8,0,84,high,declining,any,main_plus_cycle,"Because fatigue appears elevated, keep the next session lighter and focus on feeling recovered. Because this session is in the menstrual phase, prioritise comfort over intensity. If {reps} reps felt harder than usual, use controlled movement, avoid pushing to failure, and support recovery with fluids and iron-rich meals."
R0251,shoulder press,menstrual,improve_symmetry,0,50,0,100,high,declining,high_diff,main_plus_cycle,"For your next {exercise}, prioritise balanced movement rather than increasing reps. As you selected the menstrual phase, the lower rep count may reflect reduced energy or discomfort today. Keep the load lighter, rest longer between sets, hydrate well, and consider iron-rich foods such as leafy greens, beans, lentils, red meat, or fortified cereal."
R0252,shoulder press,menstrual,improve_symmetry,0,50,0,100,medium,declining,high_diff,main_plus_cycle,"For your next {exercise}, prioritise balanced movement rather than increasing reps. Your menstrual-phase feedback should be recovery-led today. If cramps, fatigue, or heaviness affected your {exercise}, lower the intensity and choose steady reps rather than forcing progression."
R0253,shoulder press,menstrual,improve_range_of_motion,0,50,55,89,any,declining,any,main_plus_cycle,"Your joint angle range suggests the movement may be slightly restricted. Focus on a comfortable full range of motion. During menstruation, energy can fluctuate. Since you completed {reps} reps, treat this as a maintenance session: reduce pressure, keep technique clean, rest properly, and focus on iron, protein, and hydration after training."
R0254,shoulder press,menstrual,improve_range_of_motion,0,50,55,89,high,declining,any,main_plus_cycle,"Your joint angle range suggests the movement may be slightly restricted. Focus on a comfortable full range of motion. Because this session is in the menstrual phase, prioritise comfort over intensity. If {reps} reps felt harder than usual, use controlled movement, avoid pushing to failure, and support recovery with fluids and iron-rich meals."
R0255,shoulder press,menstrual,progress_gradually,7,50,80,100,high,improving,any,main_plus_cycle,"Build gradually from this session. Add reps or resistance slowly rather than jumping too quickly. Your menstrual-phase feedback should be recovery-led today. If cramps, fatigue, or heaviness affected your {exercise}, lower the intensity and choose steady reps rather than forcing progression."
R0256,shoulder press,menstrual,progress_gradually,7,50,80,100,high,any,any,main_plus_cycle,"This is a good base to progress from, as long as your form and recovery stay consistent. Because this session is in the menstrual phase, prioritise comfort over intensity. If {reps} reps felt harder than usual, use controlled movement, avoid pushing to failure, and support recovery with fluids and iron-rich meals."
R0257,shoulder press,follicular,reduce_intensity,0,8,0,84,medium,declining,any,main_plus_cycle,This session suggests the exercise may have been too demanding today. Keep the {exercise} lighter and prioritise steady lockout. Your follicular-phase session can focus on building momentum. Use today’s {reps} reps as a baseline and slowly increase volume or resistance if recovery feels good.
R0258,shoulder press,follicular,reduce_intensity,0,8,0,84,medium,declining,any,main_plus_cycle,"This session suggests the exercise may have been too demanding today. Keep the {exercise} lighter and prioritise controlled overhead press. This phase may support training progression, but your form data should still lead the decision. Keep controlled overhead press clean before adding more reps or weight."
R0259,shoulder press,follicular,focus_control,0,50,55,89,medium,any,any,main_plus_cycle,"Your {exercise} would benefit from slower reps and better control, especially around avoid arching your back. This phase may support training progression, but your form data should still lead the decision. Keep avoid arching your back clean before adding more reps or weight."
R0260,shoulder press,follicular,focus_control,0,50,55,89,low,declining,any,main_plus_cycle,"Your form was not poor, but it needs more consistency. Slow the movement down and reset between reps. In the follicular phase, some users feel energy gradually returning. With {reps} reps completed, this may be a good time to rebuild consistency, but only increase difficulty if your form remains controlled."
R0261,shoulder press,follicular,maintain_quality,7,50,80,100,high,any,any,main_plus_cycle,Good session. The priority now is keeping the same standard across more reps without losing control. Your follicular-phase session can focus on building momentum. Use today’s {reps} reps as a baseline and slowly increase volume or resistance if recovery feels good.
R0262,shoulder press,follicular,maintain_quality,7,50,80,100,low,improving,any,main_plus_cycle,Good session. The priority now is keeping the same standard across more reps without losing control. Your follicular-phase session can focus on building momentum. Use today’s {reps} reps as a baseline and slowly increase volume or resistance if recovery feels good.
R0263,shoulder press,follicular,increase_challenge,7,50,80,100,high,declining,any,main_plus_cycle,"You completed {reps} reps with strong form, so a small increase in challenge may be appropriate next time. Your follicular-phase session can focus on building momentum. Use today’s {reps} reps as a baseline and slowly increase volume or resistance if recovery feels good."
R0264,shoulder press,follicular,increase_challenge,7,50,80,100,any,any,any,main_plus_cycle,"This was a strong performance. Consider slightly increasing reps or resistance if recovery feels good. This phase may support training progression, but your form data should still lead the decision. Keep shoulder stability clean before adding more reps or weight."
R0265,shoulder press,follicular,prioritise_recovery,0,8,0,84,medium,declining,any,main_plus_cycle,"Because fatigue appears elevated, keep the next session lighter and focus on feeling recovered. Your follicular-phase session can focus on building momentum. Use today’s {reps} reps as a baseline and slowly increase volume or resistance if recovery feels good."
R0266,shoulder press,follicular,prioritise_recovery,0,8,0,84,medium,declining,any,main_plus_cycle,"Because fatigue appears elevated, keep the next session lighter and focus on feeling recovered. Your follicular-phase session can focus on building momentum. Use today’s {reps} reps as a baseline and slowly increase volume or resistance if recovery feels good."
R0267,shoulder press,follicular,improve_symmetry,0,50,0,100,medium,stable,high_diff,main_plus_cycle,"Your symmetry difference suggests one side may be working harder than the other. Slow down and match both sides evenly. This phase may support training progression, but your form data should still lead the decision. Keep steady lockout clean before adding more reps or weight."
R0268,shoulder press,follicular,improve_symmetry,0,50,0,100,any,stable,high_diff,main_plus_cycle,"For your next {exercise}, prioritise balanced movement rather than increasing reps. In the follicular phase, some users feel energy gradually returning. With {reps} reps completed, this may be a good time to rebuild consistency, but only increase difficulty if your form remains controlled."
R0269,shoulder press,follicular,improve_range_of_motion,0,50,55,89,medium,stable,any,main_plus_cycle,Range of motion should be the main focus next time. Use lighter intensity if needed to move cleanly. Your follicular-phase session can focus on building momentum. Use today’s {reps} reps as a baseline and slowly increase volume or resistance if recovery feels good.
R0270,shoulder press,follicular,improve_range_of_motion,0,50,55,89,medium,declining,any,main_plus_cycle,"Range of motion should be the main focus next time. Use lighter intensity if needed to move cleanly. This phase may support training progression, but your form data should still lead the decision. Keep avoid arching your back clean before adding more reps or weight."
R0271,shoulder press,follicular,progress_gradually,7,50,80,100,low,declining,any,main_plus_cycle,"This is a good base to progress from, as long as your form and recovery stay consistent. Your follicular-phase session can focus on building momentum. Use today’s {reps} reps as a baseline and slowly increase volume or resistance if recovery feels good."
R0272,shoulder press,follicular,progress_gradually,7,50,80,100,any,improving,any,main_plus_cycle,"This is a good base to progress from, as long as your form and recovery stay consistent. Your follicular-phase session can focus on building momentum. Use today’s {reps} reps as a baseline and slowly increase volume or resistance if recovery feels good."
R0273,shoulder press,ovulatory,reduce_intensity,0,8,0,84,medium,declining,any,main_plus_cycle,"Your performance data points towards lowering the challenge for now. Aim for cleaner reps before increasing weight or volume. During the ovulatory phase, energy may feel higher. Since you completed {reps} reps, you could consider a small progression next time, but avoid sacrificing avoid arching your back."
R0274,shoulder press,ovulatory,reduce_intensity,0,8,0,84,low,declining,any,main_plus_cycle,"You only completed {reps} reps and your form score was {form_score}, so reduce intensity and focus on controlled, safe movement. Your ovulatory-phase feedback suggests this could be a stronger training window. If your joints feel stable and form stays high, gradually increase challenge rather than making a large jump."
R0275,shoulder press,ovulatory,focus_control,0,50,55,89,low,stable,any,main_plus_cycle,"Your form was not poor, but it needs more consistency. Slow the movement down and reset between reps. Because this phase can coincide with higher energy for some users, use the session to push carefully. Keep movement quality high and avoid rushing the {exercise}."
R0276,shoulder press,ovulatory,focus_control,0,50,55,89,low,declining,any,main_plus_cycle,"Focus on technique over speed next time. Keep each rep smooth and avoid rushing the movement. Because this phase can coincide with higher energy for some users, use the session to push carefully. Keep movement quality high and avoid rushing the {exercise}."
R0277,shoulder press,ovulatory,maintain_quality,7,50,80,100,any,stable,any,main_plus_cycle,"Your technique looked consistent. Keep using this as your baseline before adding more challenge. During the ovulatory phase, energy may feel higher. Since you completed {reps} reps, you could consider a small progression next time, but avoid sacrificing steady lockout."
R0278,shoulder press,ovulatory,maintain_quality,7,50,80,100,high,declining,any,main_plus_cycle,"Your technique looked consistent. Keep using this as your baseline before adding more challenge. Because this phase can coincide with higher energy for some users, use the session to push carefully. Keep movement quality high and avoid rushing the {exercise}."
R0279,shoulder press,ovulatory,increase_challenge,7,50,80,100,low,any,any,main_plus_cycle,"This was a strong performance. Consider slightly increasing reps or resistance if recovery feels good. Because this phase can coincide with higher energy for some users, use the session to push carefully. Keep movement quality high and avoid rushing the {exercise}."
R0280,shoulder press,ovulatory,increase_challenge,7,50,80,100,high,improving,any,main_plus_cycle,"This was a strong performance. Consider slightly increasing reps or resistance if recovery feels good. Because this phase can coincide with higher energy for some users, use the session to push carefully. Keep movement quality high and avoid rushing the {exercise}."
R0281,shoulder press,ovulatory,prioritise_recovery,0,8,0,84,any,declining,any,main_plus_cycle,"Because fatigue appears elevated, keep the next session lighter and focus on feeling recovered. During the ovulatory phase, energy may feel higher. Since you completed {reps} reps, you could consider a small progression next time, but avoid sacrificing shoulder stability."
R0282,shoulder press,ovulatory,prioritise_recovery,0,8,0,84,any,declining,any,main_plus_cycle,"Today looks more like a maintenance session. Rest, hydrate, and avoid pushing extra volume. If you feel strong in the ovulatory phase, progression can be appropriate. However, the priority is still safe technique, balanced movement, and controlled reps."
R0283,shoulder press,ovulatory,improve_symmetry,0,50,0,100,high,improving,high_diff,main_plus_cycle,"For your next {exercise}, prioritise balanced movement rather than increasing reps. Your ovulatory-phase feedback suggests this could be a stronger training window. If your joints feel stable and form stays high, gradually increase challenge rather than making a large jump."
R0284,shoulder press,ovulatory,improve_symmetry,0,50,0,100,any,declining,high_diff,main_plus_cycle,"For your next {exercise}, prioritise balanced movement rather than increasing reps. Because this phase can coincide with higher energy for some users, use the session to push carefully. Keep movement quality high and avoid rushing the {exercise}."
R0285,shoulder press,ovulatory,improve_range_of_motion,0,50,55,89,low,declining,any,main_plus_cycle,"Your joint angle range suggests the movement may be slightly restricted. Focus on a comfortable full range of motion. If you feel strong in the ovulatory phase, progression can be appropriate. However, the priority is still safe technique, balanced movement, and controlled reps."
R0286,shoulder press,ovulatory,improve_range_of_motion,0,50,55,89,any,declining,any,main_plus_cycle,"Your joint angle range suggests the movement may be slightly restricted. Focus on a comfortable full range of motion. Your ovulatory-phase feedback suggests this could be a stronger training window. If your joints feel stable and form stays high, gradually increase challenge rather than making a large jump."
R0287,shoulder press,ovulatory,progress_gradually,7,50,80,100,high,stable,any,main_plus_cycle,"This is a good base to progress from, as long as your form and recovery stay consistent. If you feel strong in the ovulatory phase, progression can be appropriate. However, the priority is still safe technique, balanced movement, and controlled reps."
R0288,shoulder press,ovulatory,progress_gradually,7,50,80,100,medium,improving,any,main_plus_cycle,"This is a good base to progress from, as long as your form and recovery stay consistent. During the ovulatory phase, energy may feel higher. Since you completed {reps} reps, you could consider a small progression next time, but avoid sacrificing shoulder stability."
R0289,shoulder press,luteal,reduce_intensity,0,8,0,84,high,declining,any,main_plus_cycle,"You only completed {reps} reps and your form score was {form_score}, so reduce intensity and focus on controlled, safe movement. If bloating, tiredness, or low motivation affected today’s workout, adjust the session rather than forcing intensity. A lighter session with good control is still useful progress."
R0290,shoulder press,luteal,reduce_intensity,0,8,0,84,high,declining,any,main_plus_cycle,"You only completed {reps} reps and your form score was {form_score}, so reduce intensity and focus on controlled, safe movement. Because this session is in the luteal phase, performance dips can be normal. Prioritise consistency, hydration, protein, and slower controlled reps rather than chasing a personal best."
R0291,shoulder press,luteal,focus_control,0,50,55,89,medium,stable,any,main_plus_cycle,"Your {exercise} would benefit from slower reps and better control, especially around avoid arching your back. Your luteal-phase feedback should be supportive rather than pushy. Keep the {exercise} manageable, rest longer if needed, and focus on maintaining form quality."
R0292,shoulder press,luteal,focus_control,0,50,55,89,high,stable,any,main_plus_cycle,"Focus on technique over speed next time. Keep each rep smooth and avoid rushing the movement. In the luteal phase, fatigue, mood, and recovery needs may increase for some users. If {reps} reps felt difficult, reduce intensity slightly, increase rest, and focus on steady technique."
R0293,shoulder press,luteal,maintain_quality,7,50,80,100,any,any,any,main_plus_cycle,"Good session. The priority now is keeping the same standard across more reps without losing control. Your luteal-phase feedback should be supportive rather than pushy. Keep the {exercise} manageable, rest longer if needed, and focus on maintaining form quality."
R0294,shoulder press,luteal,maintain_quality,7,50,80,100,medium,improving,any,main_plus_cycle,"Good session. The priority now is keeping the same standard across more reps without losing control. If bloating, tiredness, or low motivation affected today’s workout, adjust the session rather than forcing intensity. A lighter session with good control is still useful progress."
R0295,shoulder press,luteal,increase_challenge,7,50,80,100,any,declining,any,main_plus_cycle,"Your session suggests you may be ready to progress. Add difficulty gradually while keeping steady lockout stable. Your luteal-phase feedback should be supportive rather than pushy. Keep the {exercise} manageable, rest longer if needed, and focus on maintaining form quality."
R0296,shoulder press,luteal,increase_challenge,7,50,80,100,high,stable,any,main_plus_cycle,"Your session suggests you may be ready to progress. Add difficulty gradually while keeping avoid arching your back stable. Because this session is in the luteal phase, performance dips can be normal. Prioritise consistency, hydration, protein, and slower controlled reps rather than chasing a personal best."
R0297,shoulder press,luteal,prioritise_recovery,0,8,0,84,high,declining,any,main_plus_cycle,"Today looks more like a maintenance session. Rest, hydrate, and avoid pushing extra volume. Your luteal-phase feedback should be supportive rather than pushy. Keep the {exercise} manageable, rest longer if needed, and focus on maintaining form quality."
R0298,shoulder press,luteal,prioritise_recovery,0,8,0,84,high,declining,any,main_plus_cycle,"Your fatigue level suggests recovery should be the main focus after this session. Your luteal-phase feedback should be supportive rather than pushy. Keep the {exercise} manageable, rest longer if needed, and focus on maintaining form quality."
R0299,shoulder press,luteal,improve_symmetry,0,50,0,100,medium,declining,high_diff,main_plus_cycle,"Your symmetry difference suggests one side may be working harder than the other. Slow down and match both sides evenly. If bloating, tiredness, or low motivation affected today’s workout, adjust the session rather than forcing intensity. A lighter session with good control is still useful progress."
R0300,shoulder press,luteal,improve_symmetry,0,50,0,100,medium,stable,high_diff,main_plus_cycle,"For your next {exercise}, prioritise balanced movement rather than increasing reps. In the luteal phase, fatigue, mood, and recovery needs may increase for some users. If {reps} reps felt difficult, reduce intensity slightly, increase rest, and focus on steady technique."
R0301,shoulder press,luteal,improve_range_of_motion,0,50,55,89,any,any,any,main_plus_cycle,"Range of motion should be the main focus next time. Use lighter intensity if needed to move cleanly. In the luteal phase, fatigue, mood, and recovery needs may increase for some users. If {reps} reps felt difficult, reduce intensity slightly, increase rest, and focus on steady technique."
R0302,shoulder press,luteal,improve_range_of_motion,0,50,55,89,medium,stable,any,main_plus_cycle,"Your joint angle range suggests the movement may be slightly restricted. Focus on a comfortable full range of motion. Because this session is in the luteal phase, performance dips can be normal. Prioritise consistency, hydration, protein, and slower controlled reps rather than chasing a personal best."
R0303,shoulder press,luteal,progress_gradually,7,50,80,100,medium,stable,any,main_plus_cycle,"You are showing signs of progress, but keep increases small and controlled. In the luteal phase, fatigue, mood, and recovery needs may increase for some users. If {reps} reps felt difficult, reduce intensity slightly, increase rest, and focus on steady technique."
R0304,shoulder press,luteal,progress_gradually,7,50,80,100,high,stable,any,main_plus_cycle,"You are showing signs of progress, but keep increases small and controlled. Because this session is in the luteal phase, performance dips can be normal. Prioritise consistency, hydration, protein, and slower controlled reps rather than chasing a personal best."
R0305,shoulder press,skip,reduce_intensity,0,8,0,84,high,declining,any,main_plus_cycle,"Your performance data points towards lowering the challenge for now. Aim for cleaner reps before increasing weight or volume. Without cycle data, the safest recommendation is to follow your form and fatigue signals. Keep the movement controlled and progress only when the session feels stable."
R0306,shoulder press,skip,reduce_intensity,0,8,0,84,low,declining,any,main_plus_cycle,"This session suggests the exercise may have been too demanding today. Keep the {exercise} lighter and prioritise controlled overhead press. Without cycle data, the safest recommendation is to follow your form and fatigue signals. Keep the movement controlled and progress only when the session feels stable."
R0307,shoulder press,skip,focus_control,0,50,55,89,any,declining,any,main_plus_cycle,"Your {exercise} would benefit from slower reps and better control, especially around avoid arching your back. Without cycle data, the safest recommendation is to follow your form and fatigue signals. Keep the movement controlled and progress only when the session feels stable."
R0308,shoulder press,skip,focus_control,0,50,55,89,high,improving,any,main_plus_cycle,"Your {exercise} would benefit from slower reps and better control, especially around avoid arching your back. Cycle-aware coaching is off for this session, so focus on your movement data: reps, form quality, symmetry, and fatigue. Adjust intensity based on how controlled the exercise felt."
R0309,shoulder press,skip,maintain_quality,7,50,80,100,high,any,any,main_plus_cycle,"Good session. The priority now is keeping the same standard across more reps without losing control. Since cycle tracking was skipped, use general recovery cues. If {reps} reps felt unusually hard, consider rest, hydration, and reducing intensity next time."
R0310,shoulder press,skip,maintain_quality,7,50,80,100,medium,declining,any,main_plus_cycle,"Your technique looked consistent. Keep using this as your baseline before adding more challenge. No cycle phase was selected, so this feedback is based mainly on performance. Use your rep count, form score, and fatigue level to decide whether to maintain, reduce, or progress intensity."
R0311,shoulder press,skip,increase_challenge,7,50,80,100,low,declining,any,main_plus_cycle,"Your session suggests you may be ready to progress. Add difficulty gradually while keeping controlled overhead press stable. Without cycle data, the safest recommendation is to follow your form and fatigue signals. Keep the movement controlled and progress only when the session feels stable."
R0312,shoulder press,skip,increase_challenge,7,50,80,100,medium,any,any,main_plus_cycle,"This was a strong performance. Consider slightly increasing reps or resistance if recovery feels good. Since cycle tracking was skipped, use general recovery cues. If {reps} reps felt unusually hard, consider rest, hydration, and reducing intensity next time."
R0313,shoulder press,skip,prioritise_recovery,0,8,0,84,any,declining,any,main_plus_cycle,"Today looks more like a maintenance session. Rest, hydrate, and avoid pushing extra volume. No cycle phase was selected, so this feedback is based mainly on performance. Use your rep count, form score, and fatigue level to decide whether to maintain, reduce, or progress intensity."
R0314,shoulder press,skip,prioritise_recovery,0,8,0,84,any,declining,any,main_plus_cycle,"Because fatigue appears elevated, keep the next session lighter and focus on feeling recovered. No cycle phase was selected, so this feedback is based mainly on performance. Use your rep count, form score, and fatigue level to decide whether to maintain, reduce, or progress intensity."
R0315,shoulder press,skip,improve_symmetry,0,50,0,100,low,any,high_diff,main_plus_cycle,"For your next {exercise}, prioritise balanced movement rather than increasing reps. Since cycle tracking was skipped, use general recovery cues. If {reps} reps felt unusually hard, consider rest, hydration, and reducing intensity next time."
R0316,shoulder press,skip,improve_symmetry,0,50,0,100,medium,any,high_diff,main_plus_cycle,"Your symmetry difference suggests one side may be working harder than the other. Slow down and match both sides evenly. Since cycle tracking was skipped, use general recovery cues. If {reps} reps felt unusually hard, consider rest, hydration, and reducing intensity next time."
R0317,shoulder press,skip,improve_range_of_motion,0,50,55,89,any,stable,any,main_plus_cycle,"Your joint angle range suggests the movement may be slightly restricted. Focus on a comfortable full range of motion. Without cycle data, the safest recommendation is to follow your form and fatigue signals. Keep the movement controlled and progress only when the session feels stable."
R0318,shoulder press,skip,improve_range_of_motion,0,50,55,89,medium,declining,any,main_plus_cycle,"Your joint angle range suggests the movement may be slightly restricted. Focus on a comfortable full range of motion. Cycle-aware coaching is off for this session, so focus on your movement data: reps, form quality, symmetry, and fatigue. Adjust intensity based on how controlled the exercise felt."
R0319,shoulder press,skip,progress_gradually,7,50,80,100,low,stable,any,main_plus_cycle,"Build gradually from this session. Add reps or resistance slowly rather than jumping too quickly. Without cycle data, the safest recommendation is to follow your form and fatigue signals. Keep the movement controlled and progress only when the session feels stable."
R0320,shoulder press,skip,progress_gradually,7,50,80,100,medium,improving,any,main_plus_cycle,"This is a good base to progress from, as long as your form and recovery stay consistent. No cycle phase was selected, so this feedback is based mainly on performance. Use your rep count, form score, and fatigue level to decide whether to maintain, reduce, or progress intensity."
